﻿PERIOD,YEAR,STATS_VALUE
April,1984,9
May,1984,14
June,1984,9
January,1985,3
March,1986,8
April,1986,5
March,1987,12
April,1987,9
September,1987,13
October,1987,9
April,1988,9
March,1989,9
June,1989,20
July,1989,10
August,1989,18
November,1990,14
December,1990,8
March,1991,7
May,1991,9
April,1992,11
June,1992,19
November,1992,11
June,1993,12
July,1993,6
December,1993,15
January,1994,15
May,1994,13
July,1994,20
August,1994,5
November,1994,7
January,1995,10
April,1995,18
May,1995,11
June,1995,19
July,1995,12
August,1995,17
September,1995,15
December,1995,6
April,1996,11
May,1996,11
October,1996,11
November,1996,21
January,1997,11
March,1997,12
May,1997,14
June,1997,15
July,1997,11
August,1997,13
September,1997,13
October,1997,7
November,1997,9
December,1997,11
January,1998,6
June,1998,11
July,1998,13
August,1998,15
January,1999,10
February,1999,6
April,1999,13
May,1999,10
June,1999,15
July,1999,17
August,1999,15
September,1999,10
October,1999,12
November,1999,14
December,1999,7
January,2000,14
February,2000,8
March,2000,6
April,2000,16
May,2000,7
June,2000,10
July,2000,14
August,2000,16
September,2000,13
October,2000,12
November,2000,14
December,2000,12
February,2001,10
March,2001,3
April,2001,5
May,2001,18
June,2001,13
July,2001,13
August,2001,12
September,2001,7
October,2001,14
November,2001,16
December,2001,11
January,2002,14
February,2002,10
March,2002,6
April,2002,14
May,2002,10
June,2002,16
July,2002,10
August,2002,13
September,2002,9
October,2002,9
November,2002,13
December,2002,11
January,2003,10
February,2003,9
March,2003,10
April,2003,9
May,2003,12
June,2003,7
July,2003,13
August,2003,14
September,2003,12
October,2003,13
November,2003,8
December,2003,3
January,2004,10
February,2004,17
March,2004,11
April,2004,14
May,2004,17
June,2004,10
July,2004,11
August,2004,21
September,2004,13
October,2004,10
November,2004,7
December,2004,18
January,2005,7
February,2005,14
March,2005,15
April,2005,10
May,2005,14
June,2005,19
July,2005,14
August,2005,7
September,2005,14
November,2005,9
December,2005,15
January,2006,15
February,2006,9
March,2006,16
April,2006,14
May,2006,15
June,2006,16
July,2006,13
August,2006,14
September,2006,6
October,2006,9
November,2006,15
December,2006,15
January,2007,11
February,2007,10
March,2007,8
April,2007,14
May,2007,5
June,2007,16
July,2007,17
August,2007,11
September,2007,9
October,2007,13
November,2007,8
December,2007,15
January,2008,6
February,2008,10
March,2008,9
April,2008,15
May,2008,11
June,2008,17
July,2008,22
August,2008,17
September,2008,13
October,2008,8
November,2008,8
December,2008,13
January,2009,7
February,2009,13
March,2009,11
April,2009,9
May,2009,19
June,2009,15
July,2009,14
August,2009,10
September,2009,9
October,2009,17
November,2009,12
December,2009,15
January,2010,13
February,2010,9
April,2010,7
May,2010,15
June,2010,22
July,2010,14
August,2010,16
September,2010,10
October,2010,8
November,2010,6
December,2010,11
January,2011,14
February,2011,11
March,2011,11
April,2011,12
May,2011,15
June,2011,14
July,2011,14
August,2011,12
September,2011,8
October,2011,17
November,2011,16
December,2011,8
January,2012,12
February,2012,13
March,2012,11
April,2012,8
May,2012,14
June,2012,16
July,2012,11
August,2012,17
September,2012,9
October,2012,13
November,2012,10
December,2012,6
January,2013,8
February,2013,4
March,2013,7
April,2013,12
May,2013,15
July,2013,8
August,2013,11
September,2013,0
November,2013,12
December,2013,15
January,2014,11
February,2014,9
May,2014,10
June,2014,11
July,2014,21
December,2014,9
January,2015,10
February,2015,6
May,2015,8
June,2015,16
July,2015,14
August,2015,16
September,2015,18
October,2015,7
November,2015,9
January,2016,13
March,2016,4
April,2016,6
June,2016,9
July,2016,7
August,2016,15
September,2016,14
October,2016,12
November,2016,13
December,2016,8
February,2017,5
May,2017,14
July,2017,18
August,2017,14
September,2017,14
October,2017,12
December,2017,7
July,2018,8
August,2018,13
September,2018,9
January,2019,5
November,2019,7
December,2019,7
January,2020,5
February,2020,8
April,2020,9
June,2020,19
July,2020,9
October,2020,6
December,2020,10
March,2021,4
April,2021,10
May,2021,10
June,2021,20
July,2021,12
August,2021,18
September,2021,14
October,2021,12
November,2021,14
December,2021,15
January,2022,9
February,2022,10
March,2022,13
April,2022,6
May,2022,15
June,2022,19
July,2022,18
August,2022,13
September,2022,14
October,2022,11
December,2022,15
January,2023,8
February,2023,11
March,2023,16
April,2023,20
May,2023,15
June,2023,14
July,2023,20
August,2023,15
September,2023,14
January,2024,14
March,2024,12
April,2024,12
May,2024,18
June,2024,14
August,2024,11
September,2024,15
October,2024,15
November,2024,13
December,2024,11
January,2025,15
March,2025,14
June,2025,18
