﻿PERIOD,YEAR,STATS_VALUE
September,1946,-0.8
October,1946,-3.6
November,1946,-2.5
December,1946,0.3
January,1947,2.2
February,1947,2.2
March,1947,3.3
April,1947,1.4
May,1947,-1.7
June,1947,-4.7
July,1947,-2.3
August,1947,-5.1
September,1947,-2.4
October,1947,-0.7
November,1947,0.3
December,1947,4.6
January,1948,6.7
February,1948,4.7
March,1948,3.7
April,1948,-1.1
May,1948,1.2
June,1948,-5.7
July,1948,-3.9
August,1948,-4.7
September,1948,-1.6
October,1948,1.3
November,1948,2.2
December,1948,1.7
January,1949,3.9
February,1949,3.7
March,1949,-1.4
April,1949,-1.1
May,1949,-2.3
June,1949,-2.4
July,1949,-5.5
August,1949,-2.9
September,1949,-2.8
October,1949,-0.5
November,1949,1.3
December,1949,0.8
January,1950,3.1
February,1950,2.3
March,1950,1.1
April,1950,-1.1
May,1950,-1.9
June,1950,-5.6
July,1950,-4.8
August,1950,-3.8
September,1950,-3.1
October,1950,0
November,1950,3.6
December,1950,0.1
January,1951,4.4
February,1951,4.5
March,1951,4.4
April,1951,0.1
May,1951,-4.4
June,1951,-6.3
July,1951,-5.7
August,1951,-3.6
September,1951,-4.7
October,1951,-2.1
November,1951,3.2
December,1951,0.6
January,1952,1.7
February,1952,3.9
March,1952,-2.1
April,1952,1.7
May,1952,-2.2
June,1952,-5.2
July,1952,-5.2
August,1952,-1.7
September,1952,-3.8
October,1952,0.2
November,1952,2.8
December,1952,5.3
January,1953,3.4
February,1953,1.9
March,1953,3.8
April,1953,-0.4
May,1953,-3.4
June,1953,-4.4
July,1953,-6.2
August,1953,-2.6
September,1953,-1.7
October,1953,-0.4
November,1953,1.2
December,1953,3.3
January,1954,4.9
February,1954,5.1
March,1954,5.3
April,1954,-2.8
May,1954,-2.9
June,1954,-6.9
July,1954,-4
August,1954,-6.7
September,1954,-2.3
October,1954,-2
November,1954,2.6
December,1954,6.7
January,1955,3.3
February,1955,8.8
March,1955,5.8
April,1955,2.1
May,1955,-1.2
June,1955,-4.6
July,1955,-5.3
August,1955,-4.9
September,1955,-1.4
October,1955,1.2
November,1955,1.1
December,1955,4.8
January,1956,9.6
February,1956,5.7
March,1956,0.1
April,1956,6.1
May,1956,0.2
June,1956,-4.6
July,1956,-2.5
August,1956,-3.4
September,1956,-2.7
October,1956,-1.2
November,1956,2.8
December,1956,2.9
January,1957,2.5
February,1957,6.7
March,1957,5.1
April,1957,1.2
May,1957,1.7
June,1957,-5
July,1957,-5.1
August,1957,-3.3
September,1957,0
October,1957,-0.6
November,1957,1.1
December,1957,3.3
January,1958,4.4
February,1958,8.3
March,1958,4.4
April,1958,0.2
May,1958,0.4
June,1958,-5.3
July,1958,-4.4
August,1958,-4.9
September,1958,-2.5
October,1958,0.1
November,1958,2.8
December,1958,4.4
January,1959,6.3
February,1959,5.3
March,1959,2.6
April,1959,0.7
May,1959,-0.9
June,1959,-4.7
July,1959,-3.3
August,1959,-2.1
September,1959,-0.3
October,1959,-1.3
November,1959,1.7
December,1959,4.4
January,1960,2.8
February,1960,5.3
March,1960,0.6
April,1960,-0.9
May,1960,-1.1
June,1960,-3.2
July,1960,-5.1
August,1960,-3.3
September,1960,-0.8
October,1960,2.1
November,1960,3.2
December,1960,1.3
January,1961,4
February,1961,3.8
March,1961,2.2
April,1961,0.6
May,1961,-1.4
June,1961,-2.8
July,1961,-4
August,1961,-3.3
September,1961,-2.8
October,1961,1.6
November,1961,-2.3
December,1961,4.8
January,1962,7.2
February,1962,2.7
March,1962,0.3
April,1962,0
May,1962,1
June,1962,-4.9
July,1962,-3.8
August,1962,-5.3
September,1962,-1.7
October,1962,1.8
November,1962,3.3
December,1962,1.8
January,1963,4.2
February,1963,5.9
March,1963,2.4
April,1963,-1.1
May,1963,-4.2
June,1963,-4.7
July,1963,-4.8
August,1963,-3.8
September,1963,-2.3
October,1963,-0.1
November,1963,-1.1
December,1963,1.6
January,1964,5.2
February,1964,6.4
March,1964,2.3
April,1964,-1.4
May,1964,-4.6
June,1964,-2.7
July,1964,-1.7
August,1964,-1.8
September,1964,-2.3
October,1964,-1.1
November,1964,2.3
December,1964,2.2
January,1965,6.1
February,1965,3.2
March,1965,4.2
April,1965,2.1
May,1965,-1.8
June,1965,-2.8
July,1965,-4.9
August,1965,-4.5
September,1965,-1
October,1965,-3.6
November,1965,0.6
December,1965,1.9
January,1966,4.6
February,1966,7.3
March,1966,4.3
April,1966,-0.9
May,1966,-3.9
June,1966,-5.4
July,1966,-4.6
August,1966,-5.8
September,1966,-3.9
October,1966,-0.6
November,1966,-1.7
December,1966,3.9
January,1967,2.5
February,1967,4.4
March,1967,4.9
April,1967,-1.3
May,1967,-3.7
June,1967,-5.9
July,1967,-6.6
August,1967,-4.8
September,1967,-4.3
October,1967,-0.4
November,1967,0
December,1967,0.4
January,1968,4.3
February,1968,5.3
March,1968,8.6
April,1968,2.5
May,1968,-2.1
June,1968,-3.8
July,1968,-4.9
August,1968,-2.7
September,1968,-3.2
October,1968,-1.8
November,1968,1.2
December,1968,0
January,1969,4.4
February,1969,5.3
March,1969,2.7
April,1969,-2.2
May,1969,-5
June,1969,-5.1
July,1969,-7.1
August,1969,-4.9
September,1969,-2.3
October,1969,-3.9
November,1969,-1.1
December,1969,4.5
January,1970,5.6
February,1970,5.4
March,1970,4.9
April,1970,1.9
May,1970,-4.6
June,1970,-4.7
July,1970,-4.9
August,1970,-4.6
September,1970,-3.3
October,1970,-2.8
November,1970,-1.1
December,1970,3.2
January,1971,8.9
February,1971,6.1
March,1971,1.1
April,1971,0.9
May,1971,-2.7
June,1971,-0.6
July,1971,-4
August,1971,-4
September,1971,-2.5
October,1971,-0.5
November,1971,-2
December,1971,0.5
January,1972,2
February,1972,4
March,1972,2
April,1972,0.5
May,1972,-3
June,1972,-5.5
July,1972,-5.5
August,1972,-5.5
September,1972,-5.3
October,1972,-2.4
November,1972,-0.7
December,1972,-0.4
January,1973,0.2
February,1973,3.7
March,1973,0
April,1973,0.1
May,1973,-1.3
June,1973,-5
July,1973,-11.7
August,1973,-4.5
September,1973,-1.6
October,1973,-2.4
November,1973,0.3
December,1973,5
January,1974,1.7
February,1974,9
March,1974,-2.4
April,1974,-2.3
May,1974,-4.3
June,1974,-5.5
July,1974,-3.6
August,1974,-3.5
September,1974,-2.5
October,1974,-1.8
November,1974,-1.5
December,1974,5.1
January,1975,6.2
February,1975,5.2
March,1975,4.5
April,1975,-0.1
May,1975,1
June,1975,-5.5
July,1975,-5.3
August,1975,-3.9
September,1975,-5
October,1975,0.5
November,1975,-1.9
December,1975,0.9
January,1976,6.1
February,1976,1
March,1976,5
April,1976,-0.9
May,1976,-4.1
June,1976,-6.5
July,1976,-4.9
August,1976,-1.7
September,1976,-1.6
October,1976,-2.5
November,1976,-0.6
December,1976,1.3
January,1977,2.1
February,1977,1.9
March,1977,4.7
April,1977,-0.7
May,1977,-3.7
June,1977,-1.7
July,1977,-3.2
August,1977,-3.4
September,1977,-3.3
October,1977,0.9
November,1977,0
December,1977,3.8
January,1978,3.5
February,1978,3.6
March,1978,-2
April,1978,-0.1
May,1978,-4.6
June,1978,-5.9
July,1978,-4.3
August,1978,-2
September,1978,-2
October,1978,-1.4
November,1978,1
December,1978,4.2
January,1979,1.7
February,1979,4.7
March,1979,5.6
April,1979,-0.5
May,1979,-2.8
June,1979,-2.5
July,1979,-5.8
August,1979,-4.8
September,1979,-2.1
October,1979,-0.6
November,1979,4.1
December,1979,4.1
January,1980,5
February,1980,5.2
March,1980,1.5
April,1980,1.7
May,1980,-1.6
June,1980,-4.8
July,1980,-5.7
August,1980,-4.1
October,1980,-1.2
November,1980,0.2
December,1980,2
January,1981,5.1
February,1981,5.5
March,1981,3.2
April,1981,2.4
May,1981,-1.5
June,1981,-3.3
July,1981,-4.6
August,1981,-4.4
September,1981,-2
October,1981,-4.5
November,1981,1.7
December,1981,3.6
January,1982,4.8
February,1982,1
March,1982,2.5
April,1982,0.4
May,1982,-2
June,1982,-4.7
July,1982,-6.9
August,1982,-3.8
September,1982,-3.9
October,1982,-0.9
November,1982,0.2
December,1982,-0.3
January,1983,4.5
February,1983,3.7
March,1983,2.4
April,1983,0.3
May,1983,-1
June,1983,-5.2
July,1983,-5.3
August,1983,-2
September,1983,-2
October,1983,0.3
November,1983,0.4
December,1983,2
January,1984,3.1
February,1984,4.1
March,1984,6
April,1984,-0.2
May,1984,-3.9
June,1984,-3.9
July,1984,-3.7
August,1984,-1.8
September,1984,-1.5
