﻿PERIOD,YEAR,STATS_VALUE
February,1984,10
March,1984,10.5
April,1984,8.5
May,1984,6.4
October,1984,8.2
November,1984,9.8
December,1984,11.4
January,1985,12
February,1985,12
March,1985,10.9
May,1985,8.4
June,1985,8.1
July,1985,7.4
August,1985,7
September,1985,8.1
October,1985,8.5
November,1985,9.1
December,1985,12
January,1986,12.5
February,1986,12
March,1986,11.2
April,1986,10.1
May,1986,8.3
June,1986,6.4
July,1986,6.6
August,1986,6.5
October,1986,8.9
November,1986,9.4
December,1986,8.5
January,1987,9.9
February,1987,8.8
March,1987,10.1
April,1987,9.3
May,1987,8.3
June,1987,7.2
July,1987,7
August,1987,7.9
September,1987,7.7
October,1987,8.7
November,1987,10.1
December,1987,10.3
February,1988,11.7
March,1993,10.9
April,1993,9.7
May,1993,8.9
June,1993,8.1
July,1993,7.9
August,1993,7.4
October,1993,9.3
November,1993,9.5
December,1993,11.6
January,1994,12.8
February,1994,14.6
March,1994,12
April,1994,10.9
May,1994,9.3
June,1994,7.9
July,1994,7.3
September,1994,7.5
October,1994,9.1
November,1994,9.4
January,1995,12.5
February,1995,13.4
March,1995,11.5
April,1995,11.6
May,1995,9.4
June,1995,7.2
July,1995,6.5
August,1995,7.3
September,1995,8
October,1995,9.4
November,1995,9.7
December,1995,11.6
February,1996,12.6
March,1996,11.4
April,1996,11
May,1996,8.3
June,1996,8
July,1996,7.7
August,1996,7.2
September,1996,8.8
October,1996,9.1
November,1996,9.3
January,1997,11.6
February,1997,13.7
March,1997,11
April,1997,9.1
May,1997,10.1
June,1997,7.3
July,1997,6.5
August,1997,7
September,1997,7.8
October,1997,8.3
November,1997,8.6
December,1997,9.4
January,1998,10.9
February,1998,12.5
March,1998,10
April,1998,9.7
May,1998,9.4
June,1998,8
July,1998,8.3
August,1998,7.1
September,1998,8.7
October,1998,9.6
November,1998,10.3
December,1998,11.9
January,1999,14.2
February,1999,13.2
March,1999,13.2
April,1999,11
May,1999,9.4
June,1999,8.1
July,1999,8.3
August,1999,8.2
September,1999,8.9
October,1999,10.2
November,1999,10.4
December,1999,11.5
January,2000,13.5
February,2000,13.3
March,2000,12.3
April,2000,10.1
May,2000,9.4
June,2000,8
July,2000,9
August,2000,7.9
October,2000,8.8
November,2000,8.7
December,2000,12.4
January,2001,11.6
February,2001,13.2
March,2001,11.7
April,2001,9.7
May,2001,9.8
June,2001,7.3
July,2001,7
August,2001,7.9
September,2001,8.6
October,2001,10.3
November,2001,10.2
December,2001,12.4
January,2002,14
February,2002,12
March,2002,10.8
April,2002,10.6
May,2002,8.2
June,2002,7.5
July,2002,7.4
August,2002,7.6
September,2002,7.6
October,2002,8.2
November,2002,9.6
December,2002,11.2
January,2003,12.3
February,2003,11.8
March,2003,13.5
April,2003,10.4
May,2003,9.1
June,2003,8.1
July,2003,6.8
August,2003,8.2
September,2003,8.2
October,2003,8.9
November,2003,9.2
December,2003,11
January,2004,13.9
February,2004,11.7
March,2004,10.9
April,2004,10
May,2004,9.8
June,2004,7.9
July,2004,7.3
August,2004,7.4
September,2004,7.4
October,2004,9.2
November,2004,10.9
December,2004,10.3
January,2005,12.1
February,2005,15
March,2005,12.4
April,2005,9.9
May,2005,9.4
June,2005,7.7
July,2005,8
August,2005,8.7
September,2005,8.9
October,2005,9.7
November,2005,9.5
December,2005,13.5
January,2006,11.7
March,2006,10.4
April,2006,11.6
May,2006,10.1
June,2006,7.6
July,2006,7.5
August,2006,7.4
September,2006,8.3
October,2006,7.9
November,2006,9.5
December,2006,10
January,2007,12.8
February,2007,12.9
March,2007,12.9
April,2007,10.9
May,2007,9
June,2007,7.6
July,2007,7.8
August,2007,8
September,2007,8.4
October,2007,7.8
November,2007,10.4
December,2007,12.4
January,2008,12.8
February,2008,12.9
March,2008,11.9
May,2008,9.3
June,2008,8.2
July,2008,8.2
August,2008,7.8
September,2008,8.8
October,2008,8.3
November,2008,10.5
December,2008,12.5
January,2009,12.3
February,2009,12.7
March,2009,11.2
April,2009,11
May,2009,8.7
June,2009,8.2
July,2009,7.7
August,2009,8.6
September,2009,8.2
October,2009,8.9
November,2009,9.7
December,2009,11.3
January,2010,12.7
February,2010,13
March,2010,11.8
April,2010,10.1
May,2010,10.5
June,2010,8.7
July,2010,8.1
August,2010,8.6
September,2010,7.8
October,2010,8.7
November,2010,11.5
December,2010,12.6
January,2011,12.4
February,2011,13.8
March,2011,12.4
April,2011,10
May,2011,10.5
June,2011,9.3
July,2011,6.9
August,2011,7.8
September,2011,7.9
October,2011,9.8
November,2011,9.9
December,2011,12.2
January,2012,12.2
February,2012,12.5
March,2012,10.8
April,2012,11.5
May,2012,8.9
June,2012,7.7
July,2012,8.3
August,2012,9.7
September,2012,8.4
October,2012,8.5
November,2012,9.5
December,2012,11.9
January,2013,11.5
February,2013,13.4
March,2013,12.4
April,2013,11.2
May,2013,10.1
June,2013,9.2
August,2013,9.3
September,2013,8.9
October,2013,9.4
November,2013,11.7
December,2013,13.1
January,2014,11.3
February,2014,13.6
March,2014,12
May,2014,8.7
June,2014,9.1
July,2014,7.6
August,2014,7.3
September,2014,8.5
October,2014,8.6
November,2014,8.7
December,2014,11.7
January,2015,12.6
February,2015,11.7
March,2015,12.4
April,2015,10.6
May,2015,8.4
June,2015,7.5
July,2015,7.2
August,2015,7.8
September,2015,7.6
October,2015,8.5
November,2015,9.5
December,2015,10.9
January,2016,12.8
February,2016,14.2
March,2016,12.1
April,2016,10.9
May,2016,9.5
June,2016,8.9
July,2016,7.3
August,2016,8
September,2016,9.4
October,2016,9.7
November,2016,10.6
December,2016,10.5
January,2017,11.5
February,2017,12.8
March,2017,12.4
April,2017,11.6
May,2017,9.5
June,2017,8.8
July,2017,8.3
August,2017,8.4
September,2017,9
October,2017,9.9
November,2017,11.6
December,2017,13.2
January,2018,16.3
February,2018,13.8
March,2018,13.2
April,2018,10.1
May,2018,8.9
June,2018,8.5
July,2018,7.7
August,2018,8.9
September,2018,8.3
October,2018,9.6
November,2018,11.4
December,2018,13
January,2019,15
February,2019,12.5
March,2019,13.7
April,2019,11.1
June,2019,8.1
July,2019,8.7
August,2019,6.9
September,2019,8.1
October,2019,9.2
November,2019,10.9
December,2019,11.4
January,2020,13.4
February,2020,13
March,2020,11.1
April,2020,10.3
May,2020,10
June,2020,9.1
July,2020,8.2
August,2020,8.7
September,2020,8.7
November,2020,10.7
December,2020,11.5
January,2021,12.8
February,2021,12.9
March,2021,12.1
April,2021,9.9
May,2021,9.9
June,2021,9.7
July,2021,8.7
August,2021,8
September,2021,8
October,2021,10.6
November,2021,11.4
December,2021,13.7
January,2022,14.4
February,2022,13.8
March,2022,13.8
April,2022,12.3
May,2022,10.4
June,2022,8.1
July,2022,7.9
August,2022,8.3
September,2022,8.9
October,2022,8.6
November,2022,11.3
December,2022,13.2
January,2023,14.4
February,2023,14.4
March,2023,12.5
April,2023,11.7
May,2023,11.1
June,2023,10.3
July,2023,7.8
August,2023,7.5
September,2023,8.8
October,2023,9.2
November,2023,11
January,2024,13.2
February,2024,11.9
March,2024,10.2
April,2024,10.5
May,2024,8.6
June,2024,9
July,2024,8.3
August,2024,8.1
September,2024,8
October,2024,9.8
November,2024,10.7
December,2024,12.6
January,2025,11.9
February,2025,14
March,2025,12.5
April,2025,11.6
May,2025,9.3
June,2025,8.2
