﻿PERIOD,YEAR,STATS_VALUE
February,1984,12
March,1984,12.7
April,1984,9.4
May,1984,6.3
June,1984,7
July,1984,5.1
August,1984,5.8
September,1984,6
October,1984,7
November,1984,9.8
December,1984,11.9
January,1985,13.7
February,1985,12.8
March,1985,10.8
April,1985,9.6
May,1985,7.8
June,1985,7.3
July,1985,5.6
August,1985,5.1
September,1985,6.9
October,1985,6.8
November,1985,8.4
December,1985,11.8
January,1986,13.6
February,1986,13.1
March,1986,11.6
April,1986,10.8
May,1986,8
June,1986,5.8
July,1986,4.3
August,1986,3.9
October,1986,7.9
November,1986,8.9
December,1986,10.9
January,1987,12.9
February,1987,11.2
March,1987,10.9
April,1987,8.8
May,1987,8.8
June,1987,5.9
July,1987,5.1
August,1987,6.5
September,1987,5.8
October,1987,7.8
November,1987,9.3
December,1987,10.4
February,1988,11.5
March,1988,10.3
April,1988,7.8
May,1988,5.9
June,1988,5.5
July,1988,5.6
August,1988,5.2
October,1988,8.7
November,1988,9.3
December,1988,12.5
February,1989,11.9
March,1989,10.9
April,1989,9.1
May,1989,7.2
June,1989,5.7
July,1989,4.5
August,1989,5.8
December,1989,10
January,1990,11.5
February,1990,13.5
April,1990,9.2
May,1990,7.9
July,1990,5.1
August,1990,5.5
September,1990,5.4
October,1990,7.2
November,1990,9.1
December,1990,10.4
February,1991,11.1
March,1991,11.6
April,1991,8.2
May,1991,7.7
June,1991,4.5
July,1991,4.7
September,1991,6.9
October,1991,7.1
November,1991,6.8
January,1992,11.8
February,1992,10.7
March,1992,9
April,1992,7
May,1992,5
June,1992,4.6
July,1992,4.3
September,1992,4.6
October,1992,6.8
November,1992,9.7
December,1992,8.9
January,1993,9.9
March,1993,9
April,1993,8.1
May,1993,7.5
June,1993,6.7
July,1993,5.8
August,1993,4.3
October,1993,8.2
May,1994,7.6
June,1994,5.2
July,1994,3.9
August,1994,1.4
September,1994,0
October,1994,0
January,1995,11.1
February,1995,12.3
March,1995,11.1
April,1995,10
May,1995,7.9
June,1995,4.9
July,1995,3.5
August,1995,4.3
September,1995,5.9
October,1995,6.3
November,1995,7.7
December,1995,11.1
February,1996,12.4
March,1996,10.3
April,1996,9.9
August,1996,4.2
September,1996,7.9
October,1996,8
November,1996,7.5
January,1997,10.6
February,1997,11.6
March,1997,10.4
April,1997,8.1
May,1997,8.3
June,1997,6.1
July,1997,4.9
August,1997,5.5
September,1997,5.3
October,1997,7.5
November,1997,8.3
December,1997,9.8
January,1998,12.4
February,1998,14.3
March,1998,12.4
April,1998,9.5
May,1998,7.6
June,1998,5.9
July,1998,6.4
August,1998,4.8
September,1998,6.3
October,1998,8
November,1998,8.2
December,1998,11.2
January,1999,13
February,1999,13.2
March,1999,13.3
April,1999,9.3
May,1999,9.3
June,1999,6.2
July,1999,5.3
August,1999,5.3
September,1999,6.7
October,1999,8.1
November,1999,9.3
December,1999,9.4
January,2000,11.2
February,2000,11.2
March,2000,10.3
April,2000,9.4
May,2000,8.3
June,2000,6.9
July,2000,6.6
August,2000,5.6
September,2000,6.5
October,2000,7.6
November,2000,6.3
December,2000,11.5
February,2001,11.9
March,2001,11.5
April,2001,9.7
May,2001,7.2
June,2001,5.9
July,2001,4.7
August,2001,6
September,2001,6.9
October,2001,8.2
November,2001,8.9
December,2001,11.3
January,2002,12.1
February,2002,10.8
March,2002,11.1
April,2002,8.5
May,2002,7.4
June,2002,6
July,2002,4.8
August,2002,5.2
September,2002,6.8
October,2002,6.2
November,2002,7.7
December,2002,10.3
January,2003,11.2
February,2003,11.2
March,2003,11.9
April,2003,8.4
May,2003,7.6
June,2003,7.3
July,2003,4.2
August,2003,4.8
September,2003,6
October,2003,7
November,2003,8
December,2003,10.4
January,2004,13.2
February,2004,10.6
March,2004,10.2
April,2004,7.8
May,2004,8
June,2004,6.7
July,2004,4.7
August,2004,3.6
September,2004,5.6
October,2004,7.1
November,2004,9.3
December,2004,8
January,2005,11.7
February,2005,13.7
March,2005,11
April,2005,8.2
May,2005,7.8
June,2005,5
July,2005,5.9
August,2005,6.7
September,2005,6.4
October,2005,7.4
November,2005,8.7
December,2005,12.1
January,2006,11.3
February,2006,11.8
March,2006,8.5
April,2006,10.9
May,2006,7.6
June,2006,4.7
July,2006,5.5
August,2006,5.1
September,2006,6.9
October,2006,6.3
November,2006,8.1
December,2006,7.9
January,2007,10.6
February,2007,11.4
March,2007,11.7
April,2007,8.6
May,2007,9.1
June,2007,4.8
July,2007,4.9
August,2007,5.3
September,2007,6.3
October,2007,6.5
November,2007,8.4
December,2007,10.7
January,2008,12.4
February,2008,12.3
March,2008,11.6
April,2008,9.2
May,2008,6.9
June,2008,6.1
July,2008,5
August,2008,4.5
September,2008,6.9
October,2008,7.2
November,2008,8.6
December,2008,10.8
January,2009,13.2
February,2009,11.2
March,2009,10.6
April,2009,9.4
May,2009,5.4
June,2009,4.8
July,2009,4.1
August,2009,6.9
September,2009,6.5
October,2009,5
November,2009,7.4
December,2009,9.3
January,2010,11
February,2010,12.2
April,2010,10.4
May,2010,8.3
June,2010,5.6
July,2010,5.1
August,2010,5.8
September,2010,6.3
October,2010,6.6
November,2010,9.5
December,2010,11.8
January,2011,11.6
February,2011,11.9
March,2011,10.8
April,2011,8.4
May,2011,8.8
June,2011,6.8
July,2011,4.6
August,2011,4.8
September,2011,5.6
October,2011,6.9
November,2011,7.9
December,2011,10.7
January,2012,10.4
February,2012,11.3
March,2012,9.7
April,2012,9.6
May,2012,6.8
June,2012,4.4
July,2012,6
August,2012,6.7
September,2012,6.6
October,2012,6.4
November,2012,7.1
December,2012,11.2
January,2013,12
February,2013,11.7
March,2013,11.8
April,2013,10
May,2013,7.7
June,2013,6.6
August,2013,7.3
September,2013,6.4
October,2013,7.9
November,2013,9.3
December,2013,11.1
January,2014,10.8
February,2014,11.7
March,2014,10.2
May,2014,7.3
June,2014,7
July,2014,4.9
August,2014,4.5
September,2014,6.1
October,2014,6.7
November,2014,7.8
December,2014,10.1
January,2015,12.6
February,2015,11.1
March,2015,11.3
April,2015,9
May,2015,7.4
June,2015,5
July,2015,4.3
August,2015,4.6
September,2015,4.5
October,2015,7.2
November,2015,8.2
December,2015,9.2
January,2016,11.7
February,2016,13.8
March,2016,11.3
April,2016,10
May,2016,9
June,2016,7.4
July,2016,5.6
August,2016,4.8
September,2016,6.4
October,2016,7.8
November,2016,9
December,2016,10.2
January,2017,10.4
February,2017,12.5
March,2017,10.3
April,2017,9.8
May,2017,6.6
June,2017,5.8
July,2017,4.6
August,2017,6.6
September,2017,7.1
October,2017,7.6
November,2017,9.8
December,2017,12.5
January,2018,14
February,2018,12.1
March,2018,12.2
April,2018,8.6
May,2018,7.6
June,2018,5.5
July,2018,6.4
August,2018,6.5
September,2018,6.2
October,2018,7.5
November,2018,8.7
December,2018,11.4
January,2019,12.7
February,2019,12.4
March,2019,12.8
April,2019,9.2
June,2019,6.2
July,2019,7
August,2019,5.2
September,2019,6.6
October,2019,7.2
November,2019,10.2
December,2019,10.9
January,2020,11.6
February,2020,12.6
March,2020,10
April,2020,9.4
May,2020,8.6
June,2020,6.8
July,2020,5.4
August,2020,6.7
September,2020,7
October,2020,7.7
November,2020,9.1
December,2020,10.3
January,2021,11.6
February,2021,12.2
March,2021,12
April,2021,10.3
May,2021,8.3
June,2021,6.8
July,2021,5.9
August,2021,6
September,2021,6
October,2021,8.1
November,2021,9.6
December,2021,11.3
January,2022,12
February,2022,11.6
March,2022,11.6
April,2022,9.9
May,2022,9.1
June,2022,7.1
July,2022,5.6
August,2022,6.1
September,2022,6.6
October,2022,7
November,2022,10.4
December,2022,11.2
January,2023,12.9
February,2023,13.6
March,2023,11.4
April,2023,10.1
May,2023,9.9
June,2023,8.4
July,2023,6.1
August,2023,5.1
September,2023,7.5
October,2023,6.9
January,2024,12.7
February,2024,11.9
March,2024,9.5
April,2024,9.9
May,2024,6.5
June,2024,7.2
July,2024,6.2
August,2024,6
September,2024,6.8
October,2024,8
November,2024,9.3
December,2024,11.9
January,2025,10.5
February,2025,12.6
March,2025,11.5
April,2025,10.7
May,2025,8.9
June,2025,6.3
