﻿PERIOD,YEAR,STATS_VALUE
February,1984,61.5
March,1984,61.2
April,1984,59.5
May,1984,56.3
October,1984,64.1
November,1984,68.4
December,1984,71
January,1985,64.5
February,1985,68.6
March,1985,69
May,1985,68.6
June,1985,72.8
July,1985,69.4
August,1985,67.7
September,1985,69.1
October,1985,69
November,1985,69.6
December,1985,74.1
January,1986,68.2
February,1986,69.8
March,1986,70.2
April,1986,64
May,1986,65.7
June,1986,60.1
July,1986,69.9
August,1986,70.2
October,1986,72.5
November,1986,70.3
December,1986,55.3
January,1987,55.1
February,1987,55.1
March,1987,66.6
April,1987,66.5
May,1987,65.1
June,1987,68.8
July,1987,71.4
August,1987,71
September,1987,68.3
October,1987,69.4
November,1987,75.1
December,1987,67.3
February,1988,71.2
March,1993,80.6
April,1993,77.6
May,1993,72.6
June,1993,72.7
July,1993,76.2
August,1993,76.3
October,1993,70.8
November,1993,76.8
December,1993,82.4
January,1994,75.2
February,1994,87.5
March,1994,83.3
April,1994,75.6
May,1994,77
June,1994,82.3
July,1994,78.3
September,1994,70.7
October,1994,80.5
November,1994,70.8
January,1995,79.2
February,1995,80.9
March,1995,71.2
April,1995,82.4
May,1995,76.3
June,1995,74.1
July,1995,71.4
August,1995,75.8
September,1995,72.9
October,1995,86.7
November,1995,78.4
December,1995,71.4
February,1996,76
March,1996,78.9
April,1996,77.9
May,1996,68
June,1996,79.5
July,1996,82.2
August,1996,73.8
September,1996,70.8
October,1996,69.3
November,1996,71.4
January,1997,78.9
February,1997,85.4
March,1997,77.4
April,1997,70.5
May,1997,80.9
June,1997,69.2
July,1997,66.8
August,1997,67.6
September,1997,73.6
October,1997,65.8
November,1997,62
December,1997,61.7
January,1998,59.2
February,1998,61.5
March,1998,56.4
April,1998,68.3
May,1998,75.7
June,1998,74.3
July,1998,77.9
August,1998,70.3
September,1998,73.3
October,1998,75
November,1998,79
December,1998,74.8
January,1999,80.6
February,1999,74.6
March,1999,76.7
April,1999,78.1
May,1999,69.3
June,1999,74.8
July,1999,82.6
August,1999,79.3
September,1999,74.7
October,1999,77.7
November,1999,74.6
December,1999,80.1
January,2000,87
February,2000,84.7
March,2000,85.9
April,2000,73.2
May,2000,75.6
June,2000,70.9
July,2000,83.1
August,2000,77.3
October,2000,70.6
November,2000,74.9
December,2000,76.4
January,2001,78.4
February,2001,79.1
March,2001,73.6
April,2001,68
May,2001,80.8
June,2001,66.9
July,2001,73.6
August,2001,71.3
September,2001,72.8
October,2001,80.1
November,2001,75
December,2001,77.5
January,2002,86.2
February,2002,79.7
March,2002,69.4
April,2002,81.9
May,2002,64.3
June,2002,67.1
July,2002,76.2
August,2002,71.6
September,2002,62
October,2002,71.1
November,2002,74.2
December,2002,73.9
January,2003,75.8
February,2003,74.1
March,2003,86.4
April,2003,81.9
May,2003,73.1
June,2003,66.5
July,2003,70.7
August,2003,82.8
September,2003,75.7
October,2003,74.6
November,2003,69.4
December,2003,71.2
January,2004,78.6
February,2004,76.6
March,2004,73.1
April,2004,78.4
May,2004,77.8
June,2004,68.2
July,2004,75.5
August,2004,80.5
September,2004,64.7
October,2004,77
November,2004,74.6
December,2004,81.3
January,2005,74.7
February,2005,82
March,2005,79.9
April,2005,72.4
May,2005,76.9
June,2005,76.8
July,2005,75.6
August,2005,75.7
September,2005,78.9
October,2005,82.4
November,2005,68.6
December,2005,82.7
January,2006,71.1
March,2006,78.7
April,2006,76.6
May,2006,85.5
June,2006,77.9
July,2006,73.8
August,2006,71.1
September,2006,65.5
October,2006,66.8
November,2006,69.1
December,2006,75.8
January,2007,84.1
February,2007,82.3
March,2007,78.3
April,2007,84.7
May,2007,66.2
June,2007,78
July,2007,79.5
August,2007,78.6
September,2007,74.1
October,2007,64.8
November,2007,78.9
December,2007,81.1
January,2008,72.4
February,2008,77.3
March,2008,73.2
May,2008,81.4
June,2008,74.9
July,2008,83.2
August,2008,81.9
September,2008,76.9
October,2008,64.5
November,2008,71.3
December,2008,82.6
January,2009,69.4
February,2009,81.6
March,2009,75.2
April,2009,78.7
May,2009,82.9
June,2009,83.8
July,2009,84.4
August,2009,73.8
September,2009,69.2
October,2009,83.3
November,2009,74.3
December,2009,75.2
January,2010,80.7
February,2010,78.3
March,2010,74.8
April,2010,65.6
May,2010,84.2
June,2010,83.9
July,2010,81.8
August,2010,82.4
September,2010,66.2
October,2010,73.3
November,2010,78.4
December,2010,72.9
January,2011,75.8
February,2011,83
March,2011,81.1
April,2011,77.4
May,2011,80.3
June,2011,83.8
July,2011,71.5
August,2011,75.7
September,2011,71.3
October,2011,85.4
November,2011,76.7
December,2011,79.8
January,2012,77.4
February,2012,81.8
March,2012,76.8
April,2012,82.2
May,2012,77.2
June,2012,78.8
July,2012,77.8
August,2012,89.4
September,2012,70.7
October,2012,69.4
November,2012,76.6
December,2012,71.2
January,2013,65.5
February,2013,81
March,2013,76.2
April,2013,77.6
May,2013,81.7
June,2013,86.5
August,2013,81.7
September,2013,77.3
October,2013,72.6
November,2013,86.4
December,2013,81.7
January,2014,70.7
February,2014,85.7
March,2014,83.3
May,2014,70
June,2014,81
July,2014,77.9
August,2014,73.5
September,2014,76.3
October,2014,72.5
November,2014,66.4
December,2014,77.9
January,2015,72.7
February,2015,73.3
March,2015,81.9
April,2015,78.9
May,2015,67.2
June,2015,72.7
July,2015,76.2
August,2015,79.2
September,2015,74.2
October,2015,68.3
November,2015,70.1
December,2015,73.5
January,2016,79.9
February,2016,77.2
March,2016,76.5
April,2016,73.8
May,2016,72.6
June,2016,74.8
July,2016,69.3
August,2016,80.8
September,2016,83.8
October,2016,78
November,2016,75.5
December,2016,71.4
January,2017,70.6
February,2017,75.4
March,2017,88
April,2017,82.8
May,2017,82.7
June,2017,85.9
July,2017,86
August,2017,75.2
September,2017,78.4
October,2017,79.8
November,2017,81.2
December,2017,74.4
January,2018,87.1
February,2018,83.7
March,2018,80.3
April,2018,74.5
May,2018,75.1
June,2018,83.5
July,2018,71.9
August,2018,82
September,2018,74.2
October,2018,78.7
November,2018,82.4
December,2018,83.6
January,2019,82.6
February,2019,72.2
March,2019,82.8
April,2019,82.4
June,2019,75
July,2019,78
August,2019,67
September,2019,70.3
October,2019,75.4
November,2019,70.8
December,2019,72.6
January,2020,81.9
February,2020,72.4
March,2020,76
April,2020,73.5
May,2020,80.5
June,2020,81.6
July,2020,80.7
August,2020,77.9
September,2020,65.4
November,2020,77.1
December,2020,75.4
January,2021,80.4
February,2021,79.9
March,2021,77
April,2021,65
May,2021,76.7
June,2021,87.2
July,2021,83.7
August,2021,76.6
September,2021,70.7
October,2021,86
November,2021,82
December,2021,86.5
January,2022,86.2
February,2022,86
March,2022,90.2
April,2022,85.4
May,2022,76.2
June,2022,71.4
July,2022,77.8
August,2022,76.6
September,2022,76
October,2022,72.1
November,2022,76.1
December,2022,83.1
January,2023,80.8
February,2023,79.4
March,2023,80.7
April,2023,83.7
May,2023,79.3
June,2023,87.7
July,2023,70.5
August,2023,73.5
September,2023,73.4
October,2023,74.9
November,2023,81.1
January,2024,74.4
February,2024,71.6
March,2024,73.2
April,2024,74.2
May,2024,76.1
June,2024,80.6
July,2024,78.8
August,2024,75.8
September,2024,66
October,2024,76.5
November,2024,76
December,2024,78.9
January,2025,81.3
February,2025,83.1
March,2025,80.5
April,2025,78.1
May,2025,69.8
June,2025,77.5
