﻿PERIOD,YEAR,STATS_VALUE
February,1984,14.3
March,1984,15.3
April,1984,12.3
May,1984,8.7
June,1984,9.7
July,1984,7.2
August,1984,8
September,1984,8.6
October,1984,10.9
November,1984,12.6
December,1984,14.3
January,1985,16.4
February,1985,15.6
March,1985,13.8
May,1985,10.2
June,1985,8.7
July,1985,8.1
August,1985,7.4
September,1985,9.5
October,1985,9.8
November,1985,11.2
December,1985,14.3
January,1986,16.4
February,1986,15.2
March,1986,14.1
April,1986,13.9
May,1986,10.4
June,1986,7.9
July,1986,6.3
August,1986,5.9
October,1986,10.3
November,1986,11.3
December,1986,13.4
January,1987,15.9
February,1987,14
March,1987,13
April,1987,12.2
May,1987,11
June,1987,7.9
July,1987,6.8
August,1987,8.6
September,1987,9.1
October,1987,10.3
November,1987,11.3
December,1987,13.5
February,1988,14.3
March,1988,13.6
April,1988,10.5
May,1988,8.6
June,1988,7.8
July,1988,8.4
August,1988,7.9
October,1988,12.9
November,1988,12.6
December,1988,15.8
February,1989,14
March,1989,14
April,1989,12.1
May,1989,9.4
June,1989,7.8
July,1989,6.3
August,1989,7.4
December,1989,13.4
January,1990,14.5
February,1990,16.1
April,1990,12.7
May,1990,11.5
July,1990,7.3
August,1990,7.5
September,1990,8.9
October,1990,10.3
November,1990,11.5
December,1990,14.1
January,1991,14.8
February,1991,14.3
March,1991,13.6
April,1991,11.3
May,1991,9.7
June,1991,6.8
July,1991,6.6
September,1991,8.8
October,1991,10
November,1991,10
January,1992,15.1
February,1992,12.9
March,1992,12.2
April,1992,9.4
May,1992,6.9
June,1992,6.7
July,1992,7.2
September,1992,6.8
October,1992,9
November,1992,11.9
December,1992,11.3
January,1993,13.6
March,1993,11.4
April,1993,10.4
May,1993,10.2
June,1993,8.8
July,1993,7.7
August,1993,6.7
October,1993,11.4
November,1993,10.2
December,1993,12
January,1994,15.3
February,1994,14.8
March,1994,12.3
April,1994,12.7
May,1994,9.9
June,1994,6.5
July,1994,6.3
August,1994,9.2
September,1994,7.9
October,1994,8.8
November,1994,11.4
January,1995,13.9
February,1995,14.8
March,1995,14.4
April,1995,12
May,1995,10.1
June,1995,6.8
July,1995,5.5
August,1995,6.6
September,1995,8.7
October,1995,8.1
November,1995,10.2
December,1995,14.6
February,1996,14.8
March,1996,12.5
April,1996,12.2
May,1996,10
June,1996,7
July,1996,6.1
August,1996,6.8
September,1996,10.6
October,1996,11.3
November,1996,11
January,1997,12.9
February,1997,14
March,1997,12.4
April,1997,10.9
May,1997,10.5
June,1997,8
July,1997,6.9
August,1997,7.8
September,1997,7.6
October,1997,10.8
November,1997,12.4
December,1997,13.6
January,1998,16.7
February,1998,18.2
March,1998,16.5
April,1998,12.7
May,1998,10.4
June,1998,8.2
July,1998,8.1
August,1998,7.3
September,1998,9.8
October,1998,10.8
November,1998,10.9
December,1998,14.2
January,1999,15.7
February,1999,15.9
March,1999,15.5
April,1999,11.9
May,1999,11.7
June,1999,8
July,1999,7.2
August,1999,7.6
September,1999,9.9
October,1999,11.3
November,1999,12.2
December,1999,12.2
January,2000,13.7
February,2000,14
March,2000,12.9
April,2000,12.4
May,2000,10.6
June,2000,9
July,2000,8.2
August,2000,7.5
September,2000,9.1
October,2000,10.7
November,2000,9.3
December,2000,14.6
January,2001,12.9
February,2001,14.8
March,2001,14
April,2001,12.6
May,2001,9.3
June,2001,8.6
July,2001,6.5
August,2001,8.8
September,2001,10.1
October,2001,10.9
November,2001,11.7
December,2001,14.1
January,2002,14.3
February,2002,12.9
March,2002,14
April,2002,10.9
May,2002,10.7
June,2002,8.9
July,2002,6.9
August,2002,8.1
September,2002,10.5
October,2002,9.2
November,2002,10.8
December,2002,13.4
January,2003,14.3
February,2003,14
March,2003,13.6
April,2003,10.4
May,2003,10.3
June,2003,10
July,2003,6.7
August,2003,7
September,2003,8.4
October,2003,9.7
November,2003,11.4
December,2003,13.7
January,2004,15.9
February,2004,13.2
March,2004,13.1
April,2004,10.7
May,2004,10.6
June,2004,9.3
July,2004,6.6
August,2004,5.8
September,2004,9.1
October,2004,9.9
November,2004,12.8
December,2004,10.5
January,2005,14.7
February,2005,16.1
March,2005,13.6
April,2005,11.9
May,2005,10.2
June,2005,7
July,2005,8.1
August,2005,9.3
September,2005,9
October,2005,9.3
November,2005,12.2
December,2005,14.6
January,2006,14.7
February,2006,14.3
March,2006,11
April,2006,13.4
May,2006,9.4
June,2006,6.6
July,2006,7.5
August,2006,8.1
September,2006,10.7
October,2006,9.9
November,2006,12.1
December,2006,11.2
January,2007,13.2
February,2007,13.8
March,2007,14.7
April,2007,10.7
May,2007,12.2
June,2007,6.7
July,2007,6.9
August,2007,7.4
September,2007,9.1
October,2007,10.2
November,2007,11
December,2007,13.4
January,2008,15.9
February,2008,14.8
March,2008,14.5
April,2008,11.7
May,2008,8.9
June,2008,8.6
July,2008,6.8
August,2008,6.5
September,2008,9.3
October,2008,11.2
November,2008,12.8
December,2008,13.3
January,2009,16.3
February,2009,13.7
March,2009,13.1
April,2009,12
May,2009,7.7
June,2009,6.7
July,2009,5.7
August,2009,9.6
September,2009,10
October,2009,7.9
November,2009,11.3
December,2009,13.2
January,2010,13.8
February,2010,15.2
March,2010,14.1
April,2010,13.9
May,2010,10.2
June,2010,7.6
July,2010,6.9
August,2010,7.7
September,2010,9.7
October,2010,9.8
November,2010,12.7
December,2010,15.5
January,2011,14.6
February,2011,14.6
March,2011,13.3
April,2011,10.8
May,2011,11.1
June,2011,8.5
July,2011,6.7
August,2011,7.8
September,2011,8.6
October,2011,8.9
November,2011,10.9
December,2011,13.3
January,2012,14.1
February,2012,13.4
March,2012,12.3
April,2012,12.1
May,2012,9.3
June,2012,6.8
July,2012,8.1
August,2012,8.4
September,2012,9.7
October,2012,10.3
November,2012,10.2
December,2012,15
January,2013,15.8
February,2013,14.5
March,2013,14.7
April,2013,12.7
May,2013,10.1
June,2013,8
August,2013,9.1
September,2013,9.2
October,2013,11.3
November,2013,11.6
December,2013,14.4
January,2014,14.5
February,2014,14
March,2014,12.5
May,2014,10.5
June,2014,8.9
July,2014,6.8
August,2014,7
September,2014,8.8
October,2014,9.9
November,2014,11.4
December,2014,13.1
January,2015,15.7
February,2015,14
March,2015,13.1
April,2015,11.5
May,2015,10.4
June,2015,7.5
July,2015,6.4
August,2015,6.9
September,2015,7.5
October,2015,10.7
November,2015,11.7
December,2015,13.1
January,2016,14.3
February,2016,16.6
March,2016,14.1
April,2016,13
May,2016,11.5
June,2016,9.9
July,2016,8
August,2016,7
September,2016,8.7
October,2016,10.5
November,2016,12.2
December,2016,13.1
January,2017,14.7
February,2017,15.3
March,2017,12.1
April,2017,12
May,2017,8.9
June,2017,7.4
July,2017,6.4
August,2017,9
September,2017,9.2
October,2017,10.4
November,2017,12.3
December,2017,15.8
January,2018,16.6
February,2018,14.5
March,2018,14.4
April,2018,11.7
May,2018,9.6
June,2018,7.3
July,2018,8.3
August,2018,8.3
September,2018,9
October,2018,10
November,2018,11.8
December,2018,13.7
January,2019,15.9
February,2019,15.3
March,2019,14.7
April,2019,11.3
June,2019,8.2
July,2019,8.7
August,2019,7.8
September,2019,9.5
October,2019,10.1
November,2019,13.8
December,2019,14
January,2020,14.2
February,2020,16.1
March,2020,12.7
April,2020,12.3
May,2020,10.4
June,2020,8.7
July,2020,7.1
August,2020,8.9
September,2020,11.3
November,2020,12.2
December,2020,13.5
January,2021,14.2
February,2021,14.5
March,2021,13.9
April,2021,13.8
May,2021,10.9
June,2021,8.7
July,2021,7.4
August,2021,7.9
September,2021,9.1
October,2021,10.3
November,2021,12.1
December,2021,14
January,2022,14.7
February,2022,14
March,2022,13.3
April,2022,12.3
May,2022,11.7
June,2022,9
July,2022,7.3
August,2022,8.3
September,2022,9.4
October,2022,9.7
November,2022,13.1
December,2022,13.8
January,2023,15.6
February,2023,16.1
March,2023,13.5
April,2023,12
May,2023,12.1
June,2023,9.3
July,2023,8.6
August,2023,7.5
September,2023,10.1
October,2023,10.2
November,2023,11.5
January,2024,15.9
February,2024,15.2
March,2024,12.1
April,2024,12.4
May,2024,8.8
June,2024,8.9
July,2024,8
August,2024,8.2
September,2024,10.2
October,2024,10.8
November,2024,12.1
December,2024,14.1
January,2025,12.6
February,2025,14.8
March,2025,13.8
April,2025,13
May,2025,11.6
June,2025,8
