﻿PERIOD,YEAR,STATS_VALUE
February,1984,18.2
March,1984,18.3
April,1984,15.8
May,1984,11.1
June,1984,13
July,1984,10.3
August,1984,10.6
September,1984,11.2
October,1984,14.2
November,1984,16.6
December,1984,17.6
January,1985,21.1
February,1985,19.4
March,1985,17
April,1985,17
May,1985,12.6
June,1985,11.5
July,1985,11.1
August,1985,10.3
September,1985,12.6
October,1985,12.5
November,1985,15
December,1985,16.9
January,1986,20.1
February,1986,19
March,1986,16.9
April,1986,17.3
May,1986,13
June,1986,10.8
July,1986,9.3
August,1986,8.2
October,1986,13.2
November,1986,14.7
December,1986,17.2
January,1987,20.9
February,1987,18.6
March,1987,15.6
April,1987,16.6
May,1987,14.3
June,1987,10.6
July,1987,9.8
August,1987,11.9
September,1987,12.9
October,1987,13.9
November,1987,15.2
December,1987,17.4
January,1988,20.7
February,1988,19
March,1988,17.6
April,1988,14
May,1988,13.2
June,1988,11.6
July,1988,11.5
August,1988,11.6
October,1988,18.1
November,1988,17.6
December,1988,20.6
February,1989,18
March,1989,18.5
April,1989,15.7
May,1989,12.4
June,1989,11.2
July,1989,9.2
August,1989,9.7
December,1989,17.7
January,1990,20
February,1990,21.4
April,1990,17
May,1990,15.1
July,1990,10
August,1990,9.7
September,1990,11.9
October,1990,14.2
November,1990,15.6
December,1990,18.6
January,1991,19.2
February,1991,19.9
March,1991,16.6
April,1991,14.5
May,1991,13.1
June,1991,9.8
July,1991,9.3
September,1991,11.7
October,1991,14.1
November,1991,13.6
January,1992,18.8
February,1992,17.7
March,1992,17.8
April,1992,12.6
May,1992,9.7
June,1992,9.7
July,1992,10
September,1992,9.2
October,1992,11.8
November,1992,14.5
December,1992,15
January,1993,18.1
March,1993,14.6
April,1993,13.1
May,1993,13.6
June,1993,11.9
July,1993,11.3
August,1993,9.5
October,1993,15.3
November,1993,13.7
December,1993,15.4
May,1994,13.3
June,1994,9.4
July,1994,9.3
January,1995,18.4
February,1995,18.9
March,1995,19
April,1995,14.6
May,1995,13
June,1995,9.1
July,1995,8.6
August,1995,10.1
September,1995,12.3
October,1995,11.9
November,1995,14
December,1995,19.5
February,1996,19
March,1996,15.4
April,1996,16
August,1996,9.7
September,1996,13.5
October,1996,14.7
November,1996,15
January,1997,15.9
February,1997,18
March,1997,15
April,1997,14.7
May,1997,13.5
June,1997,10.6
July,1997,10.1
August,1997,10.4
September,1997,10
October,1997,15.9
November,1997,18
December,1997,18.3
January,1998,21.3
February,1998,22.7
March,1998,21
April,1998,17.2
May,1998,14.5
June,1998,11.8
July,1998,11
August,1998,10.1
September,1998,13.9
October,1998,14.8
November,1998,14.7
December,1998,19
January,1999,20.3
February,1999,19.9
April,1999,14.6
May,1999,15.1
June,1999,11.4
July,1999,10.2
August,1999,10.4
September,1999,13
October,1999,15.4
November,1999,15.7
December,1999,16.1
January,2000,17
February,2000,19.2
March,2000,16.8
April,2000,15.9
May,2000,13.7
June,2000,11.9
July,2000,10.5
August,2000,10.1
September,2000,12
October,2000,14.1
November,2000,12.2
December,2000,18.3
January,2001,16.7
February,2001,19.2
March,2001,18
April,2001,16.8
May,2001,12
June,2001,12
July,2001,9.1
August,2001,11.5
September,2001,13.4
October,2001,14.1
November,2001,14.8
December,2001,17.8
January,2002,17.2
February,2002,16.3
March,2002,18.7
April,2002,14.4
May,2002,14.3
June,2002,12.1
July,2002,9.8
August,2002,11.3
September,2002,14.5
October,2002,12.7
November,2002,14.8
December,2002,17.3
January,2003,18.5
February,2003,18.3
March,2003,16.9
April,2003,13.3
May,2003,13.8
June,2003,13.4
July,2003,9.9
August,2003,9.6
September,2003,11.9
October,2003,12.8
November,2003,15
December,2003,18.6
January,2004,20.3
February,2004,17.6
March,2004,17.3
April,2004,14
May,2004,13.7
June,2004,13.4
July,2004,9.6
August,2004,8.2
September,2004,12.4
October,2004,13.3
November,2004,16.7
December,2004,14.4
January,2005,19
February,2005,20.2
March,2005,17.4
April,2005,15.5
May,2005,13.3
June,2005,10
July,2005,11.1
August,2005,12.6
September,2005,12.3
October,2005,12.6
November,2005,16.7
December,2005,18.3
January,2006,19.7
February,2006,19
March,2006,15.2
April,2006,16.4
May,2006,11.8
June,2006,9.5
July,2006,10.4
August,2006,11.3
September,2006,14.8
October,2006,14.6
November,2006,16
December,2006,15.1
January,2007,18
February,2007,17.3
March,2007,18.6
April,2007,13.8
May,2007,16.5
June,2007,9.8
July,2007,9.6
August,2007,10.8
September,2007,12.2
October,2007,14.7
November,2007,14.6
December,2007,17.2
January,2008,20.8
February,2008,18.8
March,2008,18.8
April,2008,15.3
May,2008,11.3
June,2008,12
July,2008,9.7
August,2008,9.1
September,2008,12.9
October,2008,15.4
November,2008,17.1
December,2008,16.9
January,2009,21.3
February,2009,17.1
March,2009,17.2
April,2009,15.6
May,2009,10.1
June,2009,9.1
July,2009,8.9
August,2009,12.4
September,2009,13.4
October,2009,11.7
November,2009,16.2
December,2009,18.3
January,2010,18.3
February,2010,19.4
April,2010,17.9
May,2010,12.7
June,2010,10
July,2010,9.5
August,2010,10.3
September,2010,13.4
October,2010,13.6
November,2010,17.1
December,2010,20
January,2011,19.8
February,2011,19.7
March,2011,18.1
April,2011,14.4
May,2011,14.4
June,2011,11.3
July,2011,10.1
August,2011,11
September,2011,11.8
October,2011,13
November,2011,15.1
December,2011,16.1
January,2012,18.5
February,2012,17.1
March,2012,16.2
April,2012,15.5
May,2012,12.4
June,2012,10.4
July,2012,10.8
August,2012,10.3
September,2012,12.9
October,2012,15
November,2012,13.9
December,2012,20.1
January,2013,20.8
February,2013,19.1
March,2013,19.1
April,2013,15.6
May,2013,13.2
June,2013,9.7
August,2013,11.6
September,2013,12.3
October,2013,15.5
November,2013,15.5
December,2013,18.1
January,2014,19.2
February,2014,19.3
March,2014,16.1
May,2014,14.2
June,2014,11.9
July,2014,9.1
August,2014,9.6
September,2014,11.6
October,2014,14.3
November,2014,15.9
December,2014,17.6
January,2015,19.3
February,2015,19
March,2015,17
April,2015,15.3
May,2015,13.9
June,2015,11.2
July,2015,9.5
August,2015,9.7
September,2015,10.8
October,2015,15.6
November,2015,15.8
December,2015,17.4
January,2016,17.9
February,2016,20.9
March,2016,18.4
April,2016,17.1
May,2016,15
June,2016,13.1
July,2016,10.9
August,2016,9.2
September,2016,11.5
October,2016,13.9
November,2016,16
December,2016,17.6
January,2017,19.5
February,2017,18.7
March,2017,16.2
April,2017,14.8
May,2017,11.6
June,2017,10.5
July,2017,9.1
August,2017,11.8
September,2017,12.1
October,2017,14.2
November,2017,15.3
December,2017,20.2
January,2018,20.5
February,2018,18.8
March,2018,18
April,2018,15.4
May,2018,12.6
June,2018,9.7
July,2018,11.6
August,2018,11
September,2018,11.8
October,2018,13.3
November,2018,14.9
December,2018,16.5
January,2019,21
February,2019,19.6
March,2019,18.5
April,2019,14.8
June,2019,11
July,2019,11.5
August,2019,11.3
September,2019,12.7
October,2019,13.7
November,2019,18.4
December,2019,18.2
January,2020,19.4
February,2020,21
March,2020,16.7
April,2020,16.1
May,2020,13.3
June,2020,11.3
July,2020,9.8
August,2020,11.7
September,2020,15.9
October,2020,14.2
November,2020,15.7
December,2020,18
January,2021,18.8
February,2021,18.5
March,2021,17.7
April,2021,18.1
May,2021,14
June,2021,11.5
July,2021,10.4
August,2021,10.5
September,2021,12.5
October,2021,13.3
November,2021,15.2
December,2021,17.2
January,2022,18.8
February,2022,17.2
March,2022,16.1
April,2022,15.9
May,2022,14.8
June,2022,11.8
July,2022,10.1
August,2022,12.1
September,2022,12.3
October,2022,13.3
November,2022,16.5
December,2022,17.5
January,2023,19.5
February,2023,20.1
March,2023,17.1
April,2023,14.9
May,2023,14.6
June,2023,11
July,2023,11.1
August,2023,10.3
September,2023,13.6
October,2023,14.3
January,2024,20.5
February,2024,19.7
March,2024,16.6
April,2024,15.9
May,2024,11.9
June,2024,11.5
July,2024,10.3
August,2024,11.6
September,2024,13.4
October,2024,14.2
November,2024,16.1
December,2024,18.4
January,2025,16.1
February,2025,18
March,2025,17.4
April,2025,15.9
May,2025,14.7
June,2025,10.9
