RETURN_TO_CONTENTS,UNNAMED:_1,UNNAMED:_2,UNNAMED:_3,UNNAMED:_4,UNNAMED:_5,UNNAMED:_6,UNNAMED:_7,UNNAMED:_8,UNNAMED:_9,UNNAMED:_10,UNNAMED:_11,UNNAMED:_12,UNNAMED:_13,UNNAMED:_14,UNNAMED:_15,UNNAMED:_16,UNNAMED:_17,UNNAMED:_18,UNNAMED:_19,UNNAMED:_20,UNNAMED:_21,UNNAMED:_22,UNNAMED:_23,UNNAMED:_24,UNNAMED:_25,UNNAMED:_26,UNNAMED:_27,UNNAMED:_28,UNNAMED:_29,UNNAMED:_30,UNNAMED:_31,UNNAMED:_32,UNNAMED:_33,UNNAMED:_34,UNNAMED:_35,UNNAMED:_36,UNNAMED:_37,UNNAMED:_38,UNNAMED:_39,UNNAMED:_40,UNNAMED:_41,UNNAMED:_42,UNNAMED:_43,UNNAMED:_44,UNNAMED:_45,UNNAMED:_46,UNNAMED:_47,UNNAMED:_48,UNNAMED:_49,UNNAMED:_50,UNNAMED:_51,UNNAMED:_52,UNNAMED:_53,UNNAMED:_54,UNNAMED:_55,UNNAMED:_56,UNNAMED:_57,UNNAMED:_58,UNNAMED:_59,UNNAMED:_60,UNNAMED:_61,UNNAMED:_62,UNNAMED:_63,UNNAMED:_64,UNNAMED:_65,UNNAMED:_66,UNNAMED:_67,UNNAMED:_68,UNNAMED:_69,UNNAMED:_70,UNNAMED:_71,UNNAMED:_72,UNNAMED:_73,UNNAMED:_74,UNNAMED:_75,UNNAMED:_76,UNNAMED:_77,UNNAMED:_78,UNNAMED:_79,UNNAMED:_80,UNNAMED:_81,UNNAMED:_82,UNNAMED:_83,UNNAMED:_84,UNNAMED:_85,UNNAMED:_86,UNNAMED:_87,UNNAMED:_88,UNNAMED:_89,UNNAMED:_90,UNNAMED:_91,UNNAMED:_92,UNNAMED:_93,UNNAMED:_94,UNNAMED:_95,UNNAMED:_96,UNNAMED:_97,UNNAMED:_98,UNNAMED:_99,UNNAMED:_100,UNNAMED:_101,UNNAMED:_102,UNNAMED:_103,UNNAMED:_104,UNNAMED:_105,UNNAMED:_106,UNNAMED:_107,UNNAMED:_108,UNNAMED:_109,UNNAMED:_110,UNNAMED:_111,UNNAMED:_112,UNNAMED:_113,UNNAMED:_114,UNNAMED:_115,UNNAMED:_116,UNNAMED:_117,UNNAMED:_118,UNNAMED:_119,UNNAMED:_120,UNNAMED:_121,UNNAMED:_122,UNNAMED:_123,UNNAMED:_124,UNNAMED:_125,UNNAMED:_126,UNNAMED:_127,UNNAMED:_128,UNNAMED:_129,UNNAMED:_130,UNNAMED:_131,UNNAMED:_132,UNNAMED:_133,UNNAMED:_134,UNNAMED:_135,UNNAMED:_136,UNNAMED:_137,UNNAMED:_138,UNNAMED:_139,UNNAMED:_140,UNNAMED:_141,UNNAMED:_142,UNNAMED:_143,UNNAMED:_144,UNNAMED:_145,UNNAMED:_146,UNNAMED:_147,UNNAMED:_148,UNNAMED:_149,UNNAMED:_150,UNNAMED:_151,UNNAMED:_152,UNNAMED:_153,UNNAMED:_154,UNNAMED:_155,UNNAMED:_156,UNNAMED:_157,UNNAMED:_158,UNNAMED:_159,UNNAMED:_160,UNNAMED:_161,UNNAMED:_162,UNNAMED:_163,UNNAMED:_164,UNNAMED:_165,UNNAMED:_166,UNNAMED:_167,UNNAMED:_168,UNNAMED:_169,UNNAMED:_170,UNNAMED:_171,UNNAMED:_172,UNNAMED:_173,UNNAMED:_174,UNNAMED:_175,UNNAMED:_176,UNNAMED:_177,UNNAMED:_178,UNNAMED:_179,UNNAMED:_180,UNNAMED:_181,UNNAMED:_182,UNNAMED:_183,UNNAMED:_184,UNNAMED:_185,UNNAMED:_186,UNNAMED:_187,UNNAMED:_188,UNNAMED:_189,UNNAMED:_190,UNNAMED:_191,UNNAMED:_192,UNNAMED:_193,UNNAMED:_194,UNNAMED:_195,UNNAMED:_196,UNNAMED:_197,UNNAMED:_198,UNNAMED:_199,UNNAMED:_200,UNNAMED:_201,UNNAMED:_202,UNNAMED:_203,UNNAMED:_204,UNNAMED:_205,UNNAMED:_206,SOURCE_SHEET,LOAD_TIMESTAMP
Quarterly electricity generation and consumption,,,,,,,,,,,,,,,,,,,,,,,,,,,,,,,,,,,,,,,,,,,,,,,,,,,,,,,,,,,,,,,,,,,,,,,,,,,,,,,,,,,,,,,,,,,,,,,,,,,,,,,,,,,,,,,,,,,,,,,,,,,,,,,,,,,,,,,,,,,,,,,,,,,,,,,,,,,,,,,,,,,,,,,,,,,,,,,,,,,,,,,,,,,,,,,,,,,,,,,,,,,,,,,1 - Quarterly GWh,2025-08-01 08:34:54.346068
Gigawatt hours (GWh),,,,,,,,,,,,,,,,,,,,,,,,,,,,,,,,,,,,,,,,,,,,,,,,,,,,,,,,,,,,,,,,,,,,,,,,,,,,,,,,,,,,,,,,,,,,,,,,,,,,,,,,,,,,,,,,,,,,,,,,,,,,,,,,,,,,,,,,,,,,,,,,,,,,,,,,,,,,,,,,,,,,,,,,,,,,,,,,,,,,,,,,,,,,,,,,,,,,,,,,,,,,,,,1 - Quarterly GWh,2025-08-01 08:34:54.346068
Calendar quarter,1974-03-01 00:00:00,1974-06-01 00:00:00,1974-09-01 00:00:00,1974-12-01 00:00:00,1975-03-01 00:00:00,1975-06-01 00:00:00,1975-09-01 00:00:00,1975-12-01 00:00:00,1976-03-01 00:00:00,1976-06-01 00:00:00,1976-09-01 00:00:00,1976-12-01 00:00:00,1977-03-01 00:00:00,1977-06-01 00:00:00,1977-09-01 00:00:00,1977-12-01 00:00:00,1978-03-01 00:00:00,1978-06-01 00:00:00,1978-09-01 00:00:00,1978-12-01 00:00:00,1979-03-01 00:00:00,1979-06-01 00:00:00,1979-09-01 00:00:00,1979-12-01 00:00:00,1980-03-01 00:00:00,1980-06-01 00:00:00,1980-09-01 00:00:00,1980-12-01 00:00:00,1981-03-01 00:00:00,1981-06-01 00:00:00,1981-09-01 00:00:00,1981-12-01 00:00:00,1982-03-01 00:00:00,1982-06-01 00:00:00,1982-09-01 00:00:00,1982-12-01 00:00:00,1983-03-01 00:00:00,1983-06-01 00:00:00,1983-09-01 00:00:00,1983-12-01 00:00:00,1984-03-01 00:00:00,1984-06-01 00:00:00,1984-09-01 00:00:00,1984-12-01 00:00:00,1985-03-01 00:00:00,1985-06-01 00:00:00,1985-09-01 00:00:00,1985-12-01 00:00:00,1986-03-01 00:00:00,1986-06-01 00:00:00,1986-09-01 00:00:00,1986-12-01 00:00:00,1987-03-01 00:00:00,1987-06-01 00:00:00,1987-09-01 00:00:00,1987-12-01 00:00:00,1988-03-01 00:00:00,1988-06-01 00:00:00,1988-09-01 00:00:00,1988-12-01 00:00:00,1989-03-01 00:00:00,1989-06-01 00:00:00,1989-09-01 00:00:00,1989-12-01 00:00:00,1990-03-01 00:00:00,1990-06-01 00:00:00,1990-09-01 00:00:00,1990-12-01 00:00:00,1991-03-01 00:00:00,1991-06-01 00:00:00,1991-09-01 00:00:00,1991-12-01 00:00:00,1992-03-01 00:00:00,1992-06-01 00:00:00,1992-09-01 00:00:00,1992-12-01 00:00:00,1993-03-01 00:00:00,1993-06-01 00:00:00,1993-09-01 00:00:00,1993-12-01 00:00:00,1994-03-01 00:00:00,1994-06-01 00:00:00,1994-09-01 00:00:00,1994-12-01 00:00:00,1995-03-01 00:00:00,1995-06-01 00:00:00,1995-09-01 00:00:00,1995-12-01 00:00:00,1996-03-01 00:00:00,1996-06-01 00:00:00,1996-09-01 00:00:00,1996-12-01 00:00:00,1997-03-01 00:00:00,1997-06-01 00:00:00,1997-09-01 00:00:00,1997-12-01 00:00:00,1998-03-01 00:00:00,1998-06-01 00:00:00,1998-09-01 00:00:00,1998-12-01 00:00:00,1999-03-01 00:00:00,1999-06-01 00:00:00,1999-09-01 00:00:00,1999-12-01 00:00:00,2000-03-01 00:00:00,2000-06-01 00:00:00,2000-09-01 00:00:00,2000-12-01 00:00:00,2001-03-01 00:00:00,2001-06-01 00:00:00,2001-09-01 00:00:00,2001-12-01 00:00:00,2002-03-01 00:00:00,2002-06-01 00:00:00,2002-09-01 00:00:00,2002-12-01 00:00:00,2003-03-01 00:00:00,2003-06-01 00:00:00,2003-09-01 00:00:00,2003-12-01 00:00:00,2004-03-01 00:00:00,2004-06-01 00:00:00,2004-09-01 00:00:00,2004-12-01 00:00:00,2005-03-01 00:00:00,2005-06-01 00:00:00,2005-09-01 00:00:00,2005-12-01 00:00:00,2006-03-01 00:00:00,2006-06-01 00:00:00,2006-09-01 00:00:00,2006-12-01 00:00:00,2007-03-01 00:00:00,2007-06-01 00:00:00,2007-09-01 00:00:00,2007-12-01 00:00:00,2008-03-01 00:00:00,2008-06-01 00:00:00,2008-09-01 00:00:00,2008-12-01 00:00:00,2009-03-01 00:00:00,2009-06-01 00:00:00,2009-09-01 00:00:00,2009-12-01 00:00:00,2010-03-01 00:00:00,2010-06-01 00:00:00,2010-09-01 00:00:00,2010-12-01 00:00:00,2011-03-01 00:00:00,2011-06-01 00:00:00,2011-09-01 00:00:00,2011-12-01 00:00:00,2012-03-01 00:00:00,2012-06-01 00:00:00,2012-09-01 00:00:00,2012-12-01 00:00:00,2013-03-01 00:00:00,2013-06-01 00:00:00,2013-09-01 00:00:00,2013-12-01 00:00:00,2014-03-01 00:00:00,2014-06-01 00:00:00,2014-09-01 00:00:00,2014-12-01 00:00:00,2015-03-01 00:00:00,2015-06-01 00:00:00,2015-09-01 00:00:00,2015-12-01 00:00:00,2016-03-01 00:00:00,2016-06-01 00:00:00,2016-09-01 00:00:00,2016-12-01 00:00:00,2017-03-01 00:00:00,2017-06-01 00:00:00,2017-09-01 00:00:00,2017-12-01 00:00:00,2018-03-01 00:00:00,2018-06-01 00:00:00,2018-09-01 00:00:00,2018-12-01 00:00:00,2019-03-01 00:00:00,2019-06-01 00:00:00,2019-09-01 00:00:00,2019-12-01 00:00:00,2020-03-01 00:00:00,2020-06-01 00:00:00,2020-09-01 00:00:00,2020-12-01 00:00:00,2021-03-01 00:00:00,2021-06-01 00:00:00,2021-09-01 00:00:00,2021-12-01 00:00:00,2022-03-01 00:00:00,2022-06-01 00:00:00,2022-09-01 00:00:00,2022-12-01 00:00:00,2023-03-01 00:00:00,2023-06-01 00:00:00,2023-09-01 00:00:00,2023-12-01 00:00:00,2024-03-01 00:00:00,2024-06-01 00:00:00,2024-09-01 00:00:00,2024-12-01 00:00:00,2025-03-01 00:00:00,% change when compared to the same quarter of the previous year,1 - Quarterly GWh,2025-08-01 08:34:54.346068
"Net Generation (GWh)1,2",4120.681470031977,4883.612929614163,5729.077758123865,5745.812560842034,4205.681470031977,5379.762929614162,5962.227758123865,4875.962560842034,4625.831470031977,5646.762929614162,6133.227758123865,5117.962560842033,4804.831470031977,5887.762929614162,6269.227758123865,5133.962560842033,4757.831470031977,5746.780429614162,6301.245258123865,5351.980060842034,5103.848970031977,5815.842429614162,6248.307258123865,5310.042060842034,5072.910970031977,5997.842429614162,6510.307258123865,5435.042060842034,5154.910970031977,6089.092429614162,6697.557258123865,5653.292060842034,5413.160970031977,6451.467429614162,6929.932258123865,6084.667060842034,5755.535970031977,6846.484929614162,7487.949758123865,6354.6845608420335,6187.553470031977,7106.537429614162,7636.122258123865,6626.746060842033,6329.371470031978,7261.159342779686,7721.078869250832,6680.478715586074,6352.90339326638,7527.253523525978,8159.152302968632,6916.113376753751,6639.288685004139,7548.233550686747,8031.413294499353,7105.233673250609,7011.371788728835,7933.166281635981,8227.316431349784,7454.794472467383,6922.451486437727,8050.885004436897,8527.937643855146,7347.994799867566,7258.298486222845,8191.818417471885,8735.096775469272,7601.3916902171595,7396.080775172799,8466.84666253235,8812.98676885988,8053.6796448440155,7786.092288136754,8690.165215369252,7670.377934018257,8082.550849738448,7978.221491375042,8398.383749682647,9247.218439179944,8052.4733130114955,7986.37296278442,8629.333168474523,9320.20044874831,8411.103662973379,8221.853263358158,9074.756855962547,9616.057980014557,8662.81240372255,8388.638711335383,9172.786209168846,9638.737781209704,8669.514568764313,8182.971065775831,9280.061650028805,9992.794337897323,8849.86790884393,8702.567052377306,9446.079950094738,9757.347012901819,8827.63126821642,8523.22305567755,9393.601074170669,9860.534681284527,8998.321382588518,8809.945259424223,9607.269745143114,10278.697344784216,9504.162137705143,9186.489033540563,9997.771976847163,9971.842887912233,9187.826276862615,9016.208726816802,9937.215721357266,10630.748231683998,9898.112867631518,9425.329041307754,9484.564817835746,10686.76930733575,9931.827310035746,9745.236505257344,10403.183424605357,11321.543713605359,10059.59228110535,9704.28789339576,10664.009484770437,10999.348738200484,10160.567993200497,9787.028504940487,10723.998341211214,11317.04076278721,10236.764684081621,9900.608890727946,10669.286340761566,11402.488692703166,10450.530150975967,10038.572820417163,10827.454910113638,11417.224120694449,10110.896189176043,9609.014564160807,10822.01006080244,11231.295352894223,10510.125663314175,10177.757712944358,10968.189560201625,11701.815736535393,10723.091553633427,10188.319344726118,10865.501049890041,11763.185314416094,10453.532054799432,10159.595201134638,10975.845889403383,11462.516164602832,10552.83654009106,10120.738207662225,10649.898087086698,11240.702922097938,10377.662152205388,10076.057421976147,10573.135885641594,11432.837963307058,10619.640341201739,10248.896034991561,10847.873489382211,11606.577025822238,10684.90079489679,10306.694932132437,10692.33981017659,11554.175051544626,10385.469694471096,10211.45010924684,10894.212856882923,11568.232099985124,10636.583096687082,10107.713502038174,11178.151073518817,11679.424378339385,10510.047553859016,10368.61245595555,11013.360622044198,11773.137767568065,10733.314363435555,10454.678297129713,10425.08920169246,11698.844872185175,10664.062707391484,10227.153385759735,10965.003116352134,11528.316785800924,10529.129090069637,10268.339023664375,10824.384623989452,11812.75251312087,10620.136549430219,10131.230594642338,10973.771001132209,11836.845035866645,10618.562930794962,10588.162477633039,11272.839963269342,11605.38261111278,10529.116584169367,10162.15162058386,-0.04023463541942296,1 - Quarterly GWh,2025-08-01 08:34:54.346068
Hydro,3201,3432,4174,4230,3242,4330,4842,4083,3604,3747,4493,3500,3184,3778,4136,3475,3198,3907,4397,4001,3904,4754,4974,4627,4351,4856,5359,4605,4253,4882,5496,4852,4297,4785,4557,4482,4159,4991,5155,5249,4800,5046,5427,4900,4726,4574.23267173436,5318.22265624117,4892.33145151789,4921.77989750658,5283.31961518721,6331.58849179832,5340.02787581533,4832.98931019913,5790.16995374097,5839.98205648138,5246.13274224659,5190.47676153105,5138.04341446219,6228.48127849605,6176.02911914964,5619.75270489212,5828.47865720426,5851.8967824906,5033.14057716689,5230.14555613824,5439.29079980321,6541.25028076793,5742.76297891186,5386.11706851699,5396.92508194789,5778.00452451843,6104.47258240564,5615.07055812804,4597.2007062114,4522.51749959212,6146.95471576739,6006.57507842909,5294.04917057091,6692.21813409789,5265.12153684276,6061.65415848844,5421.7465959317,7426.181893697,6669.12684052258,6087.83766984873,6951.86450660031,7047.21609827135,7172.49342025144,6832.4549748769,6375.283,6120.486,6592.876,5572.673,5295.668,6040.758,6116.485,6159.751,6224.255,6633.656,6048.471,5370.366,6065.553,5819.986,5434.427,5340.695,5862.01,6593.508,6394.414,5713.914,5337.652,4783.3,5629.491,5761.03307350495,5306.68573429951,6891.05857062624,6667.19671757376,5599.13575825,5082.02267525,6045.70802575,6661.94070545,6755.10117075,6288.62166625,7676.86937525,6249.33214125,6229.54613975,5708.39087875,5681.62244275,5476.95763675,5146.54357775,5727.49366075,6204.98760175,6260.70038875,6058.47710075,5332.19605475,6214.49705275,5801.16249075,5270.170806746,4776.4593669596,6142.72004856841,5936.7526151,5486.65079345,5954.49989239586,6339.63621394225,6196.72025950855,5705.03939006779,5969.92876327305,6642.74387077793,6163.76575764139,6157.07923547256,6503.59034169472,6250.04525267187,5951.08439266182,5210.7709988031,4881.30471808888,6278.16573691229,6299.68757064139,5253.40024632171,5093.98740582336,6063.57988154552,6419.08288817395,5658.35760097713,5840.49093736479,6724.92487277481,5901.37472770273,5318.87493032985,6115.98594502126,6823.65651883874,6080.77386117673,5809.84107177606,6209.46786737911,7165.33182968559,6525.08122609768,6131.96404840041,6063.12205567089,6572.81481412399,6162.39085588615,5779.59158215821,6837.83983422992,7171.27350288593,6253.93060950736,5745.95386402957,6466.38913275739,6708.32149436208,6476.58981247572,5881.38535476156,5682.21428660565,6241.12941551714,6273.3155682198,5328.85812644525,5390.73637752415,6686.13392989,6573.4497398299,5618.96489086209,5793.85458929791,7481.74663350098,7176.9263996244,6036.36238486093,7281.26299467469,6720.15081668794,6342.99559977517,5844.82380224342,5875.54686392766,5595.47098007409,6288.92945605306,4960.07213095304,-0.151373540285472,1 - Quarterly GWh,2025-08-01 08:34:54.346068
Geothermal,299.5,341.5,358.5,358.5,317.5,345.5,348.5,338.5,294.5,332.5,334.5,328.5,293.5,314.5,324.5,284.5,288.5,316.5,324.5,309.5,290.5,295.5,315.5,216.5,287.5,293.5,317.5,307.5,291.5,295.5,314.5,239.5,283.5,295.5,311.5,267.5,296.5,305.5,319.5,251.5,325.5,334.5,320.5,313.5,290.5,306.01503006012,314.078657314629,254.018537074148,289.887775551102,309.63,319.82,314.46,284.08,322.12,327.97,294.26,292.92,308.26,313.3,322.7,347,421.5,476.5,460.5,500.4,515.5,545.5,449.5,521.5,519.5,565.5,551.5,499.500000000001,543.5,561.5,526.5,538.5,570.5,583.5,554.499999999999,499.5,540.5,545.5,515.5,504.5,510.707776311975,527.158461438098,496.526151203247,476.10461104668,520.97,541.442,499.911,461.279,554.874,593.742,520.461,507.842,646.58,644.714,586.365,557.251,677.092,739.996,661.423,657.805,685.226,734.097,678.909,657.981,692.958,691.201,635.637,599.796776,678.344037,697.915971,678.634383,642.067916,635.031818076923,675.440943076923,642.091341076923,604.259772076923,668.396358,689.66289,668.827379,654.532672,764.992025,775.948928,785.176466,751.419,788.96462,854.83033,782.064527,784.47562,798.527368,875.63,895.080231,847.787127,883.053735,1127.11233725,1108.15464365,1078.57451335,1186.7907945,1214.85349917,1109.03673345,1160.49773287,1483.70731,1456.8331174,1457.51920465,1410.135533,1491.686194475,1518.763491925,1463.524011425,1490.535946625,1531.819144125,1530.562002075,1530.642458875,1502.390443125,1566.674818,1711.654,1668.011031,1682.61590861,1823.76685162,1916.62385756,1772.13554466,1901.89101804,1975.8266337,1930.41661047,1940.49650069,1978.42417076,1967.3347222,1957.50320962,1834.67813812,1908.18151609,1965.94167007,2028.53041343,1876.48577639,1798.17973127,1954.54836407,2027.07244607,1949.48455763,1884.21894508,2014.92609882644,2027.39162115644,1866.82823224644,1960.23953117644,2013.97133733,1983.55241237,1875.80715072,2003.96927337,1957.55077560036,1998.74907890036,2008.02402390036,1992.24365414036,2046.14146782706,2087.78885532706,1887.22739132706,1916.06420532706,1801.84081561011,2044.95954461011,1969.50169411011,1972.5025602866,2195.69209764199,2415.69029414199,2156.93845976399,2375.57826427499,0.2043473666923017,1 - Quarterly GWh,2025-08-01 08:34:54.346068
Biogas,1.899,1.899,1.899,1.899,1.899,13.149,13.149,13.149,13.149,13.149,13.149,13.149,13.149,13.149,13.149,13.149,13.149,13.149,13.149,13.149,13.149,14.349,14.349,14.349,14.349,14.349,14.349,14.349,14.349,25.599,25.599,25.599,25.599,25.599,25.599,25.599,25.599,26.319,26.319,26.319,26.319,26.319,26.319,26.319,26.319,26.319,26.319,26.319,26.319,26.319,26.319,26.319,26.319,26.4825,26.4825,26.4825,26.4825,26.4825,26.4825,26.4825,26.4825,26.4825,26.4825,26.4825,26.4825,34.7625,34.7625,34.7625,34.7625,38.9025,38.9025,38.9025,38.9025,38.9025,38.9025,38.9025,38.9025,38.9025,38.9025,38.9025,38.9025,41.1525,41.1525,41.1525,41.1525,43.688,43.688,43.688,43.688,33.3725567814691,35.6414162755258,33.1282970435843,32.644,35.487,37.973,33.285,32.4777,35.8894,35.7864,32.5478,32.684,27.161,29.685,26.533,26.388,24.949,26.729,24.719,23.957,26.391,26.324,24.208,21.578083,35.837254,38.320799,35.180567,34.863775,43.461498,44.82834,44.181438,42.800714,47.1882,48.631499,47.240641,43.077417,47.488161,49.868631,49.708407,47.134622,56.662347,56.84891,57.440469,53.072797,52.30289,53.117487,51.964843,47.715291,51.88936325,51.41358325,51.59122425,50.50635025,53.305084,54.555355,56.671767,56.061032,54.003328175,53.735483675,53.705944675,53.778289675,54.84763,54.954301,54.664195,54.834601,52.5938160184928,52.0230670184928,51.5379000184928,51.7351310184928,49.9422658322518,50.4618288322518,50.5464658322518,53.5696208322518,57.6064278475,57.9602918475,58.6641538475,57.3625168475,61.685506755,62.451139435,62.477738755,61.4352707756,66.0465525425223,66.2419951819034,66.15554171603,65.8043973341456,65.8206860098567,66.1054843640567,65.3682391380567,65.9316122607567,65.02055081775,64.219898501747,66.33882413665,65.57340869255,67.41020257375,67.10890238705,66.91869627375,64.89999817715,68.0390028907976,69.3881049382976,69.0554546808976,67.4999360307976,67.1717120863,62.088189605,66.228848335,66.153244475,65.80014538,68.84906611,69.99500885,68.0016026883333,75.6503979525,75.6503979525,75.6503979525,75.6503979525,77.10073044745,77.10073044745,77.10073044745,77.10073044745,0.01917151177262344,1 - Quarterly GWh,2025-08-01 08:34:54.346068
Wood,146.012470031977,157.943929614162,157.408758123865,148.143560842033,146.012470031977,157.943929614162,157.408758123865,148.143560842033,146.012470031977,157.943929614162,157.408758123865,148.143560842033,146.012470031977,157.943929614162,157.408758123865,148.143560842033,146.012470031977,157.943929614162,157.408758123865,148.143560842033,146.012470031977,157.943929614162,157.408758123865,148.143560842033,146.012470031977,157.943929614162,157.408758123865,148.143560842033,146.012470031977,157.943929614162,157.408758123865,148.143560842033,146.012470031977,157.943929614162,157.408758123865,148.143560842033,146.012470031977,157.943929614162,157.408758123865,148.143560842033,146.012470031977,165.518929614162,164.983758123865,155.718560842033,153.587470031977,165.518929614162,164.983758123865,155.718560842033,153.587470031977,165.518929614162,164.983758123865,155.718560842033,153.587470031977,165.518929614162,164.983758123865,155.718560842033,153.587470031977,165.518929614162,164.983758123865,155.718560842033,153.469918170871,164.858347232642,164.327775913288,155.142219442086,154.535306708749,173.501533077047,172.910499374233,162.678183273563,160.711494424563,168.682597441074,168.139355701702,158.73444161664,156.196979521767,160.736019861499,160.261760032005,152.051100527949,150.826574416009,171.555560237493,170.990006016631,161.198805392397,158.827469901597,169.792568627396,169.240859082131,159.689345461107,157.764784887794,171.799124745765,171.232808800434,161.428420763191,158.201448435899,156.991189134365,161.724223729364,142.704023693109,139.041606213928,165.064073877342,170.179619827281,150.080717520879,145.574696450603,163.1800601057,152.693689251829,158.864016570049,103.038073722438,173.193997597438,186.003662294121,164.344283284706,170.899159792245,180.247284751535,167.650115921987,176.222743440252,159.148877193992,144.643234302169,136.397535130022,134.421993105772,107.758724058858,108.348346260513,94.2950410928951,102.640900287579,90.303669415054,53.1728225827716,110.355409275767,97.003782871109,104.896871305168,97.1576936617079,97.4294738003676,108.47878431093,106.252987783237,111.5375299928,109.981878668613,118.601236739537,116.805995685555,120.280294103183,112.488420849379,123.040075705199,120.365589533105,120.042361267112,117.182341280218,123.692939074644,121.712229060216,119.137081943958,117.535064775533,121.250689387559,114.715335899759,129.477300505279,123.740734517415,131.21445779292,132.895324860712,128.233486107068,123.907724937454,117.208022040822,118.013445283221,121.41381606801,122.528883483719,126.202241403724,129.68586749046,132.369537931832,131.515367605778,139.225911672256,137.451048682786,133.906538279561,136.272058407152,140.311762596979,139.062970116214,124.309986602238,124.444555844538,134.292160689006,129.619562050295,128.55258238167,125.839941437484,134.796660835065,130.262986511868,119.247215670493,127.108598411778,119.431855360952,126.106940116197,121.449121141367,126.986085537585,110.520886072339,123.13743332897,118.647180500075,97.9366827581756,123.052105084133,123.25643714857,113.069190920477,123.426703149187,112.617879419278,117.472380400824,118.056474690339,117.504934471728,106.518705516338,121.262561126159,121.086046432542,126.776647122987,114.035252510954,122.045291104649,100.220791583831,114.891460823541,101.648070825932,104.269380431366,102.039831050473,100.045154988074,96.6918859192687,110.469873957946,102.024718948823,116.790757344675,112.607394776465,70.2498542434341,-0.36408133976710233,1 - Quarterly GWh,2025-08-01 08:34:54.346068
Wind,0,0,0,0,0,0,0,0,0,0,0,0,0,0,0,0,0,0,0,0,0,0,0,0,0,0,0,0,0,0,0,0,0,0,0,0,0,0,0,0,0,0,0,0,0,0,0,0,0,0,0,0,0,0,0,0,0,0,0,0,0,0,0,0,0,0,0,0,0,0,0,0,0,0.189,0.261,0.234,0.216,0.21,0.29,0.26,0.24,0.21,0.29,0.26,0.24,0.21,0.29,0.26,0.24,2.702,2.806,2.495,2.39062,3.679,3.937,3.451,3.367,6.364,6.346,5.772,5.305,10.847,11.855,10.596,10.538,35.423,37.949,35.096,34.014,35.538,35.448,32.598,34.198344,34.817607,40.691513,44.220864,33.829399,35.059297,32.819888,43.366949,42.331138,61.6214369999999,86.04264,167.9259895,148.502197,151.008635,150.593974,158.137296,158.3292328,104.2043764,161.3611956,192.099787,146.138396,200.185133,283.202361,291.055527,257.870308,220.7416031025,264.0396322525,305.2219068025,299.430298120456,274.278409704181,377.365807598095,510.621952747061,413.520957203371,404.996615938458,387.843331961828,413.556178152083,431.838193605986,484.279112142082,545.496412411346,474.850352219371,497.391816044813,503.78115231427,459.082428085,596.966077761506,436.685815660098,456.857157275577,587.174957843288,519.750621901338,502.103698527652,489.951565522895,541.592177001507,655.168318620732,459.167812340852,619.15884850088,587.155986874486,675.005985399486,523.865491170492,580.85523521405,578.788081864548,624.059698593732,588.069239954254,428.403634739898,540.540126701329,507.392132703469,455.352876914634,567.81718075917,544.674525947487,483.08120244091,492.62142227293,509.011704582225,610.364647911748,636.886539211628,532.905379277754,531.773226706302,611.672247690437,618.096950126635,516.432135248304,652.533626464473,709.905034035,727.100356350794,624.556928338045,703.630214022908,771.951930708207,734.695738793393,640.793993566587,657.11872937,928.72888498,977.518506709777,920.287251269135,816.626560506888,1093.89712232879,1086.763319458,725.798898209,-0.21133439889765204,1 - Quarterly GWh,2025-08-01 08:34:54.346068
Solar3,0,0,0,0,0,0,0,0,0,0,0,0,0,0,0,0,0,0,0,0,0,0,0,0,0,0,0,0,0,0,0,0,0,0,0,0,0,0,0,0,0,0,0,0,0,0,0,0,0,0,0,0,0,0,0,0,0,0,0,0,0,0,0,0,0,0,0,0,0,0,0,0,0,0,0,0,0,0,0,0,0,0,0,0,0,0,0,0,0,0,0,0,0,0,0,0,0,0,0,0,0,0,0,0,0,0,0,0,0,0,0,0,0,0,0,0,0,0,0,0,0,0,0,0,0,0,0,0,0,0,0,0,0.842958889536332,0.842958889536332,0.842958889536332,0.842958889536332,0.855264858726644,0.855264858726644,0.855264858726644,0.855264858726644,0.888490975540485,0.888490975540485,0.888490975540485,0.888490975540485,0.94755962765398,0.94755962765398,0.94755962765398,0.94755962765398,1.02139544279585,1.02139544279585,1.02139544279585,1.02139544279585,1.19367901146021,1.19367901146021,1.19367901146021,1.19367901146021,1.4103475857301,1.4103475857301,1.00693978631237,2.81313788003958,3.88488830750356,3.00668271799042,4.45411195438143,7.27930670413314,8.98069714832227,6.22466316609355,7.71421075053145,13.5429969679432,13.8451526062934,11.0828232567681,11.755033234084,19.4956499499824,18.2919362124029,14.9467980778345,15.3555984647017,27.7295423759122,24.6959697356362,19.0850657189449,22.8944140786264,32.9806741465047,35.0866069366523,24.6910116519788,26.3889999030198,40.4573484786002,43.6256459715967,30.2849148410722,35.417620920752,50.1761038246377,57.1323584676379,38.8451134615896,47.6755460322677,64.7139657356306,79.2048234653748,56.6181257489373,57.4279807382091,89.4840098430797,95.4765590528198,67.5899684904977,86.2284555503223,121.810990084484,151.7732272041,113.762319670884,128.717546262069,206.978631171494,243.926079462948,0.6071746246452521,1 - Quarterly GWh,2025-08-01 08:34:54.346068
Oil,134,549,642,618,236,174,308,69,275,309,424,272,196,291,224,18,79,84,29,7,9,19,14,6,0,0,0,3,0,0,3,0,11,0,4,0,20,109,17,0,0,0,3,2,8,22.7848101265823,12.246835443038,4.55696202531646,5.41139240506329,0.518025462365358,0.226714434486341,0.183259712298564,0.145999868704308,3,3,3,3,0.199965502529256,0.299341202498285,3.33333333333333,0.1,0,0.200085451258888,0.22000325859579,0.169977280990623,3,3,3,3,0.339539719163805,11.2280701754386,8.98245614035087,0.0900074050904701,103.728813559322,88.271186440678,0,0,21,19,19,19,1,0,0,1.2,17.5,14.610333,14.610333,14.610333,0,0,0,0,0,0,0,0,1,0,0,0,0.015589,0.017037,0.015228,0.015145,0,0,0,0,0,0,0,0.0005,0.00125,0.00125,0.00125,0.00125,0.00036,15.51036,3.60036,0.00036,21.96351,0.57306,0.11847,0.95078,0.18914039345589,0.17739,2.27118,20.194443,1.41473051709014,0.416311,0.567256,0.572545,0.303618943107979,0.2079235,0.1608935,25.9010425,96.5006242140846,0.70791775,0.73968775,0.28660775,2.28284775,3.50014262122469,2.94935775,0.76117775,0.538097933321384,0.311472063469752,0.43264775,0.184017389150963,0.452669142804587,0.399300503083803,1.04754863004252,0.161975776617991,0.770838731887597,0.75408375,1.74383965760534,1.53673341551704,0.761541678627131,0.678658457590287,0.420382535547559,0.681450517173362,0.799732676449175,1.06311260595088,0.598760329737674,0.30671359250579,0.730524614499726,0.368920122526672,0.0436978445033807,0.184901816347588,1.41548961766938,1.07216496581817,0.442623405562883,0.445656842425955,1.076117995233,3.35312257705576,0.635135899890154,0.567004059722395,2.75543343758207,1.20503774004363,6.37794339765127,1.19004379914826,0.745440112260336,1.07735446737911,0.914565936295449,0.485503638585025,3.22322991560629,7.92495139494626,1.40694884681257,6.40961399053557,15.6896865152699,3.2329675,0.447149121032493,2.26715268946545,1.21009220779856,1.63529764068584,1.84340321630984,1.10213728562512,1.63648968668812,0.919783451452924,0.919477171742669,1.03537149982398,2.68318489274708,20.0916438604104,1.06209431441274,1.63291470009168,0.5771292723136441,1 - Quarterly GWh,2025-08-01 08:34:54.346068
Coal,272,331,348,346,247,329,274,196,197,278,338,284,222,282,220,186,200,223.0175,229.0175,90.0175,100.0175,110.8795,118.8795,61.8795,76.8795,114.8795,153.8795,79.8795,92.8795,105.8795,111.8795,78.8795,14.8795,102.8795,210.8795,92.8795,137.8795,160.8795,214.8795,136.8795,75.8795,188.8795,231.8795,231.8795,182,204.647222222222,244.99212962963,85.8384259259259,165.464147493155,121.039744852731,151.759313474851,117.370470146429,118.510348688606,325.298934158538,225.431638547957,175.897432661986,176.795069185037,284.77444615586,154.99047824715,106.214654074619,93.028,101.752158959185,104.736028108849,146.720002452385,181.785424284776,123.32259548853,219.2699038112,96.0938645782567,99.7072646201861,99.7691100908915,146.143818464311,105.112164681384,622.6651875263,141.301913072001,211.138197010583,195.46827845386,90.0059469118923,128.879332348433,377.165634030393,99.7830009114299,112.016819326844,287.258050690827,126.069517668483,121.213268467323,357.064360325166,281.057686091296,101.549048654805,101.982451594666,93.9543023948792,98.0204603118212,251.102389810715,433.191265483037,109.624282356273,517.623690517953,503.567837578242,403.93001973001,320.892013932882,595.221143972767,292.734402219451,156.414856169562,191.915106014772,525.695260064292,545.766879848917,414.785275055183,417.108639714637,398.50624441123,374.252519145898,255.341649626293,343.54387056024,513.290114482965,672.52171715117,450.228610825982,327.383233333333,635.100633333333,397.789833333333,565.6516,787.0301,1054.52549651313,1033.40806666667,825.679433333333,705.854533333334,1391.60593333333,1227.55373333333,1139.43374333333,806.693243333333,1476.09199190328,1718.20407533333,1470.10476666667,1125.60385279523,1403.17839396948,1522.63135536994,1115.37400238763,745.157107753484,993.597764640841,610.113263633211,605.070126666667,1036.38781143146,1632.42132945738,1097.43658544278,749.249226666667,608.954475833333,1032.45257109387,854.602343230728,585.722308731253,636.317240929522,444.180059584995,354.496194566008,493.886871021928,342.341303525736,397.789852318347,670.493574579997,617.28072700814,641.651878028497,1303.44165447596,822.639394379241,549.757539196031,572.347241152791,936.936297100391,517.712917647804,210.204994582984,347.595644073493,508.646803419882,415.949433238412,559.103156056129,668.588580052177,320.36319815568,301.762662118261,462.301535493154,304.442732912597,324.902297136456,185.157095175233,164.974616666667,144.433252033962,302.486520834272,330.714300048636,355.503065479693,284.711853061124,289.011744922197,252.159611091614,653.542585542176,676.401732955799,455.823342365117,528.21484360863,457.671691047856,523.277662053012,398.824209530572,731.2792745468,505.518247500703,1027.16771495129,1347.94339855084,505.280073263071,139.850574378491,441.259145159666,512.917196386289,181.299545943868,115.90708110398,170.784121856658,144.079325797624,344.785650202377,371.50863858862,341.921900472668,883.456116665579,884.186542922783,133.459513612168,527.871581419266,0.5438367085862115,1 - Quarterly GWh,2025-08-01 08:34:54.346068
Gas,61.6625,65.6625,42.6625,38.6625,10.6625,17.6625,6.6625,15.6625,83.6625,796.6625,360.6625,559.6625,737.6625,1038.6625,1181.6625,996.6625,820.6625,1032.6625,1138.6625,770.6625,628.6625,451.6625,641.6625,223.6625,184.6625,548.6625,495.6625,264.6625,344.6625,604.6625,571.6625,291.6625,617.6625,1067.0375,1646.0375,1051.0375,953.0375,1078.335,1580.335,525.335,796.335,1329.335,1445.335,982.335,928.335,1945.65667902224,1623.1308324985,1246.71177820076,775.840710278501,1604.92320840951,1147.35002513711,947.04021023766,1209.02655621572,899.658233173077,1426.46334134615,1188.7484375,1153.47998798077,1993.90202590124,1321.63907528022,649.322305067758,667.988363374735,1491.91334104081,1886.68947189115,1510.79549754761,1150.1497218100899,1886.4559891031,1201.32359151591,1097.60016345348,1175.65244761106,2226.80583333333,2087.9725,1070.9725,839.028055555556,3088.62126266503,2070.42079094287,1007.44625498925,1138.56139161805,2157.30218652581,1348.04716503503,1898.71346986491,1081.56201506754,2151.6884532246,994.670678300695,889.167708522368,1057.46394829647,1081.9447622132,1693.22322984987,656.829626910007,753.385041581025,1969.77225294119,2509.8610013941,949.534232544582,1849.64380720563,2691.99113563351,2626.9621304918,1606.50042159304,1516.98789199382,1757.91559601627,1975.74177143054,1823.52184547681,2246.98912594034,1898.36847750894,2511.55035214149,2270.52284624863,2170.82156491734,2405.23346598035,2328.83695971633,1923.7849946386,2242.12228578633,3235.49162806203,3614.84263563104,2269.43367293086,2141.55914291966,3114.66920946391,2447.26360363153,1781.17493577018,2214.6855236427,2560.94375041292,2708.35117456639,1593.61620030438,1469.64484579192,1805.76082636032,1473.91324222166,1657.36733271109,1693.86465652919,2385.9998727309,2494.64016844854,2081.29975404429,2402.6865309097,2504.14216847146,2385.81888821789,1687.82042823879,1973.84902580182,3159.53451627097,3235.9416296502,2669.74646609512,2418.41926482076,3031.61584132739,2600.6229865465,1822.30023071059,1954.22699853172,2175.20906987771,2249.32716583897,1903.47473535885,2058.89169763531,2466.87781456208,2666.22045652605,2007.29284307455,1659.15140633167,1799.92073860628,2588.98340239828,1753.35789100854,2122.86913835469,2560.2920602056,2178.30111726557,1373.80227475732,2155.5019122001,2397.4327695112,2160.17273357802,1354.5319217023,1676.19669401473,1712.75675211985,1634.02540472996,1519.22406684177,1692.30405884006,1606.94178708713,1754.80723577521,1303.05801773491,1471.98935380318,1399.13085715952,1448.36029340567,1018.29359456049,1215.29637226304,1919.76200234357,1872.62790473777,1519.35321274157,1564.34118924912,1310.71246906318,1485.27500926576,928.545801973631,1331.59674504033,1350.38474825456,1669.93345062253,1063.51984834599,1319.47709167279,1569.14551918212,1891.41891033507,1154.61057795566,1088.86466612976,1362.25874180479,1377.28768154042,824.091541995653,1310.45625551791,1534.48298803472,1037.65272882832,432.900432346066,1088.86719607296,834.835786828156,1527.6596857724,654.24907881182,1161.98143107538,1199.68212038279,1267.17174354599,459.011734387797,1173.65591668911,0.01004705006595974,1 - Quarterly GWh,2025-08-01 08:34:54.346068
Waste Heat4,4.6075,4.6075,4.6075,4.6075,4.6075,12.5075,12.5075,12.5075,12.5075,12.5075,12.5075,12.5075,12.5075,12.5075,12.5075,12.5075,12.5075,12.5075,12.5075,12.5075,12.5075,12.5075,12.5075,12.5075,12.5075,12.5075,12.5075,12.5075,12.5075,17.5075,17.5075,17.5075,17.5075,17.5075,17.5075,17.5075,17.5075,17.5075,17.5075,17.5075,17.5075,15.985,17.105,14.994,14.63,15.985,17.105,14.984,14.613,15.985,17.105,14.994,14.63,15.985,17.1,14.994,14.63,15.985,17.14,14.994,14.63,15.9,17.105,14.994,14.63,15.985,17.08,14.994,14.63,15.922,17.096,15.003,14.639,15.985,17.105,14.994,14.634,15.985,17.105,14.994,14.67,15.985,17.095,14.994,14.63,15.985,17.09,14.994,16,15.67475,15.67475,15.67475,15.67475,15.67475,15.67475,15.67475,15.67475,15.67475,15.67475,15.67475,15.67475,15.67475,15.67475,15.67475,15.67475,15.67475,15.67475,15.67475,11.808,11.808,11.808,11.808,22.90085,23.41165,23.41165,23.41165,23.41165,20.3471,20.3471,20.3471,20.3471,20.8678,20.8678,20.8678,20.8678,18.31125,18.31125,18.31125,18.31125,17.65775,17.65775,17.65775,17.65775,11.753675,11.753675,11.753675,11.753675,14.7807,14.7807,14.7807,14.7807,12.8256,12.8256,12.8256,12.8256,14.776525,14.776525,14.776525,14.776525,10.4993,10.4993,10.4993,10.4993,8.2792885,8.2792885,8.2792885,8.2792885,11.988946,11.988946,11.988946,11.988946,11.80014575,11.80014575,11.80014575,11.80014575,12.4038,12.4038,12.4038,12.4038,12.85675,12.85675,12.85675,12.85675,11.20425,11.20425,11.20425,11.20425,12.71325,12.71325,12.71325,12.71325,10.90975,10.90975,10.90975,10.90975,9.557,9.557,9.557,9.557,11.1876379118181,11.1876379118181,11.1876379118181,11.1876379118181,9.5090135,9.5090135,9.5090135,9.5090135,7.71666167146712,7.71666167146712,7.71666167146712,7.71666167146712,6.26525018453103,6.26525018453103,6.26525018453103,6.26525018453103,-0.18808800343065213,1 - Quarterly GWh,2025-08-01 08:34:54.346068
Renewable Share (%),0.8853903162778715,0.8054166016643997,0.8189464266689093,0.8246949427371526,0.8815245511219821,0.9008934023718701,0.8991702389797382,0.9398744357976834,0.8771745136672537,0.7527486070509783,0.8149147488455174,0.7795665781864595,0.7568759680155388,0.7241448034820187,0.7386966843121615,0.7636971470627504,0.7662443474500527,0.7647052090189592,0.7763636484100966,0.8355398394624215,0.8530153410877086,0.8978566721520668,0.8740379646060616,0.9427406607111157,0.9459778613070609,0.8872845514143508,0.8983074878418582,0.9337540545281044,0.9126950004342735,0.8804338235269433,0.8948796594241853,0.931358667512005,0.8778810562516682,0.8159450523536138,0.72894042394167,0.8091227525866839,0.803941022022015,0.80052216370292,0.7556444608866548,0.8930360754350437,0.8562077880523913,0.7841143432796502,0.7777249443335893,0.814206174690274,0.8209988139637069,0.6985228380165209,0.7542474530174981,0.7976056471825187,0.8486787551034288,0.7685123832645422,0.8386546783092318,0.8439025097932794,0.7978227836658387,0.8352008905158427,0.7918180874791685,0.8054054329884643,0.807754445523394,0.7107256603366718,0.8184014305032936,0.8961924040516738,0.8879376237024476,0.800075954492835,0.7644529463816307,0.7723556495591507,0.8144558086262053,0.7523427057093222,0.8350706886988425,0.8405965542347785,0.8251790709788406,0.7232929121639877,0.7432833558046478,0.8509910781477356,0.8103769906842113,0.6145485262613589,0.6888112691542834,0.8493163165830846,0.8441756298851917,0.7233793324862025,0.8095299888664013,0.74759426181616,0.8463321409965172,0.7153973017419627,0.8779173042225731,0.8780926953137546,0.8260296963707409,0.8461129625322206,0.8100601498763104,0.9089884006762196,0.8953406259123367,0.77286427310707,0.7119292790994118,0.8386991293531055,0.7586521052455099,0.6524495528387516,0.6851526598382827,0.7710581432183519,0.7870105860982294,0.7491222282143324,0.7659045106595335,0.7739357942111263,0.7120128188690251,0.7402748895435046,0.6883526990860817,0.6998331150374154,0.7044680729602922,0.7065332258608732,0.7354952541489288,0.7690694495248958,0.7172506115379883,0.6238572202632978,0.5688688238366025,0.7027076697525931,0.7236262156574158,0.6202977928024807,0.7301726769884688,0.7605362287268659,0.6790426614938669,0.6166596173090736,0.6465146207806713,0.7539986331448889,0.7746748539206163,0.6885378314074505,0.7594932365731353,0.7198905017913111,0.7400760872336524,0.6361038256230346,0.615310598427837,0.6484461347927251,0.6355588343382861,0.6338685518190255,0.653043195046265,0.7243836774900387,0.7235284759992121,0.6096093551316564,0.6616513643857165,0.6854962271024267,0.652095785304361,0.5589620520572793,0.6747415877552727,0.7441305106171718,0.7316843714930699,0.702202264587193,0.7221820677267778,0.7616610797924365,0.7338514245756009,0.7331945731774351,0.740569778527862,0.7653299074935324,0.8020818562886574,0.7967270400208756,0.7219821425856966,0.7721166918359416,0.7268412532962072,0.6471539523297769,0.7374072288604616,0.8167712600526768,0.7294994575399875,0.6857134662773257,0.7606419034174371,0.8480248998580411,0.797890916127193,0.7887094748304544,0.8195690253859219,0.803126465510691,0.7684629163831013,0.8211226087991723,0.8217094830446448,0.8336150156937663,0.8264214861978088,0.8374251637364547,0.8574154973247975,0.8847844517547689,0.8655399559856736,0.794888449443017,0.8082767048418474,0.8226220162084953,0.8159005697980319,0.8555044669910241,0.8500480116686683,0.8476524894194654,0.8049978451423428,0.83494018373526,0.8122730369479844,0.857172183407526,0.8226487745803296,0.8100016296928438,0.7743212970919863,0.8432967978381348,0.7915354434753881,0.7503804207131591,0.8354496675046463,0.9073449574925343,0.8280958403096301,0.8098626978232539,0.895867065313816,0.9472549220474563,0.8746191336927036,0.9099426930011595,0.8410825033699555,0.9025862668060479,0.8571371219590984,0.8144135214424795,0.8123530043353817,0.9430342908919146,0.8317850661142975,-0.029577596390709893,1 - Quarterly GWh,2025-08-01 08:34:54.346068
Renewable Share (%) â€“ 4-Quarter Moving Average,,,,0.8307022448579691,0.8301376860888379,0.8539443916206324,0.8760240498497385,0.9057082626803425,0.9042553918618245,0.8645867485219683,0.8405829189206616,0.8035810125742319,0.7775548132374069,0.7696076558884605,0.7482457337858759,0.7445811465004847,0.7465765088048923,0.757360530875891,0.7681514677313035,0.7854604466537473,0.8048445453050423,0.8390278028623575,0.866275450895026,0.8916571052394471,0.9127193373434542,0.909797660765349,0.916290708073141,0.9143122524212066,0.9069967769141044,0.9051203357550336,0.9040836674605923,0.9037841843272353,0.8959800731472981,0.8785663849307469,0.8316846862846435,0.8035178963234829,0.7876543350653992,0.783968554291201,0.7904348071988949,0.8107901026261659,0.8227128763338204,0.8182033587230193,0.8240432106613657,0.8057677751184917,0.7979805225394568,0.7755905237346826,0.7691087453999329,0.7652334980606071,0.7715571223493355,0.7894978682327928,0.812939863616202,0.8238732587982324,0.8125694588520187,0.8297399386671827,0.8167898049821728,0.8076368376192955,0.809858765471525,0.7773558010997401,0.7846729770728754,0.8070079528807185,0.8251821199441747,0.848208215960141,0.8330567486822215,0.8033414676715166,0.787149718280592,0.7747255417236607,0.7942200613404733,0.8103647696481381,0.8128667373633183,0.8047111246489681,0.7797227985884991,0.7831217601702528,0.7801371978023366,0.7514144299454598,0.738727260479328,0.7384078247438557,0.7471514677414817,0.7768031257564165,0.8058054513073919,0.7814434250677442,0.7819699013087329,0.7795400002722628,0.7983573790034327,0.8297845876566946,0.82507043621173,0.85754059185566,0.8392387601292394,0.8470369281598951,0.8632060386157984,0.844412382322688,0.8180164452683947,0.8010448916044514,0.7691384457709831,0.7379107072137354,0.7302492670200595,0.7142998547250755,0.721627341502142,0.746003149225959,0.7678296246056436,0.7685192121505462,0.750941544280737,0.7486673307105387,0.7278252635072903,0.7099077400981977,0.7081305961094834,0.699618512429608,0.712348658808204,0.7294088998006271,0.7322094391497564,0.7107399936292684,0.6675646868552507,0.6508259201842795,0.6520354707732776,0.6511521935056962,0.6939811356382157,0.7086356049993988,0.6982553816022022,0.6982751860235513,0.6756836560736713,0.6741134085782261,0.6975405797008674,0.7140603926661266,0.743919391073725,0.735688479059241,0.7275572629864505,0.713920334922463,0.6752839560375494,0.6579123645456697,0.6334929523141236,0.6329214641927207,0.642958144269925,0.6614480057432648,0.6820275500916121,0.6759456190980496,0.6782246887311632,0.6688776817272525,0.6522064460239098,0.6392117994716434,0.6427168641669564,0.6563582711997414,0.6746260267951134,0.711585235483276,0.7245042392321962,0.7290589637226879,0.7296099293035233,0.7374426103519777,0.7422396429936974,0.743237495327516,0.7591859053559216,0.7751242994459224,0.7700537916522592,0.771722808014222,0.7540249817048207,0.7162649423875707,0.7203319634790241,0.7313717329260381,0.7319998427276393,0.7422440893978631,0.7484053024189605,0.7557742835239067,0.772076121273484,0.797997187537385,0.8136950629651163,0.8027236387748048,0.79566956890004,0.80377402945767,0.8044108182954444,0.8119170748642011,0.8256087625273295,0.8296514544428734,0.8392025127278808,0.8516176988545344,0.8609973416058405,0.8501212988501511,0.8369221626154544,0.8219332482359696,0.8102159956108486,0.8256957013553488,0.8368403595662517,0.8429327929046466,0.8401868134180341,0.834930938373637,0.824778374507405,0.8272228663834509,0.8313757734304675,0.8253350652654732,0.8151064484685838,0.8116172771040717,0.8041615144531822,0.7892242483396111,0.8055261073833776,0.8210008116186116,0.829644706005873,0.8448243698931577,0.8611944799334783,0.87102890349041,0.8820277776400979,0.907005433943682,0.8921129824501336,0.8812222744915997,0.8769485141950263,0.8528712588808084,0.8453701005554003,0.854933900682963,0.848999242578207,-0.031871051908303416,1 - Quarterly GWh,2025-08-01 08:34:54.346068
Consumption (GWh)5,,,,,,,,,,,,,,,,,,,,,,,,,,,,,,,,,,,,,,,,,,,,,,,,,,,,,,,,,,,,,,,,,,,,,,,,,,,,,,,,,,,,,,,,,,,,,,,,,,,,,,,,,,,,,,,,,,,,,,,,,,,,,,,,,,,,,,,,,,,,,,,,,,,,,,,,,,,,,,9781.05147534716,10697.652089945866,9680.35620619928,9523.721341951743,9919.58958652848,10779.927410650253,10067.689421841606,9583.213485203272,10109.242978379165,11105.677855283779,10098.775701811534,9592.111280244837,10012.91357421325,10856.76310142545,9763.446391472997,9360.433345031899,9999.259621883153,10790.58941403846,9795.560828581436,9431.527417585985,10081.03774748627,10841.048209930694,9960.226038021849,9491.66125376925,10045.72109514941,11028.342280944094,9969.52605433855,9684.204646301265,9515.508697639129,10813.133010078704,9950.371199142954,9403.01250267024,10061.646961886348,10838.119998030827,9642.154449865515,9306.247395704471,9752.804161347905,10672.018541045712,9722.401735399273,9267.352070914163,9817.12691956447,10852.196772708518,9785.805788045032,9542.482036909983,10168.960438156033,10562.58015088741,9363.903102170752,9249.773754756307,-0.03067422930653596,1 - Quarterly GWh,2025-08-01 08:34:54.346068
"Agriculture, Forestry, and Fishing",,,,,,,,,,,,,,,,,,,,,,,,,,,,,,,,,,,,,,,,,,,,,,,,,,,,,,,,,,,,,,,,,,,,,,,,,,,,,,,,,,,,,,,,,,,,,,,,,,,,,,,,,,,,,,,,,,,,,,,,,,,,,,,,,,,,,,,,,,,,,,,,,,,,,,,,,,,,,,499.669782840837,396.102834341889,657.125917579903,817.38053911819,494.935943310351,465.808153600562,822.290833568079,988.798571624796,552.354071414826,466.456308991102,836.536567949193,906.558069046222,611.251491479888,441.659803023849,613.27696809364,839.613344526913,504.646598650567,456.87818797305,727.465450174779,809.739663679556,489.961802122797,420.610565032329,613.826393120314,818.768759431369,539.194881501118,424.063401173216,651.731689691353,979.243103209078,560.480323173903,450.690152307738,773.572343914169,884.844043331245,643.899835419003,459.473941032955,673.442777777789,734.791556578612,564.023731886855,440.887038898337,682.224156304018,788.814841954529,522.1444387618,444.713998461774,717.848031343001,977.73834990451,618.866966670752,451.497710300656,721.985478484081,826.895380336772,-0.15427743995361332,1 - Quarterly GWh,2025-08-01 08:34:54.346068
   Industrial,,,,,,,,,,,,,,,,,,,,,,,,,,,,,,,,,,,,,,,,,,,,,,,,,,,,,,,,,,,,,,,,,,,,,,,,,,,,,,,,,,,,,,,,,,,,,,,,,,,,,,,,,,,,,,,,,,,,,,,,,,,,,,,,,,,,,,,,,,,,,,,,,,,,,,,,,,,,,,3539.91500762927,3576.09165617288,3693.5209714019,3701.79036429429,3585.14891078419,3538.88824951946,3670.52766908171,3607.74646996994,3660.04528668654,3611.93078899414,3711.26930293667,3714.14112708253,3667.01615095388,3533.29463948007,3677.81830817243,3574.42580019596,3658.78196527458,3546.56130653583,3731.20686559533,3662.19764112238,3681.19067371421,3538.17298984939,3781.57358638839,3726.92760604188,3754.20579721206,3577.16012983248,3752.69529720021,3683.4776142375,3356.75870777447,3417.58422017806,3638.94663133565,3466.16010762448,3507.31675392558,3241.20775815004,3511.65625050896,3454.65475439249,3402.96840068962,3237.03268751965,3406.0985866028,3312.73064929311,3167.51958230898,3136.7220983231,3365.14336806952,3279.75871946498,3354.40937258571,2814.3191800014,3061.25401780659,3205.16293726321,-0.022744289620773905,1 - Quarterly GWh,2025-08-01 08:34:54.346068
   Commercial,,,,,,,,,,,,,,,,,,,,,,,,,,,,,,,,,,,,,,,,,,,,,,,,,,,,,,,,,,,,,,,,,,,,,,,,,,,,,,,,,,,,,,,,,,,,,,,,,,,,,,,,,,,,,,,,,,,,,,,,,,,,,,,,,,,,,,,,,,,,,,,,,,,,,,,,,,,,,,2413.36808308345,2509.1740087774,2238.02709638684,2179.06231900006,2338.24512189424,2518.38699197887,2276.16534585994,2233.41282946511,2410.1328970355,2546.15997547951,2301.5124362821,2224.62733726829,2398.40367500088,2571.08627962502,2301.51994047716,2194.19686512738,2387.13675953933,2507.83418589648,2279.32442971925,2265.93219900818,2386.81822290042,2530.00068553818,2311.12702420563,2253.98637768024,2385.47935500016,2586.58638449048,2353.47323476031,2298.93751387024,2007.65641939491,2495.64269900258,2332.25703665136,2256.67772515795,2377.97790896101,2485.86213080641,2169.93507550435,2231.48705565853,2325.10404870478,2447.21750204556,2346.35752964949,2211.2572858841,2460.45678832064,2569.49918202716,2276.78408328278,2220.17803543276,2349.00754658646,2530.35770495082,2151.02142810898,2176.24146727893,-0.019789659861789377,1 - Quarterly GWh,2025-08-01 08:34:54.346068
   Residential,,,,,,,,,,,,,,,,,,,,,,,,,,,,,,,,,,,,,,,,,,,,,,,,,,,,,,,,,,,,,,,,,,,,,,,,,,,,,,,,,,,,,,,,,,,,,,,,,,,,,,,,,,,,,,,,,,,,,,,,,,,,,,,,,,,,,,,,,,,,,,,,,,,,,,,,,,,,,,3070.60155865844,3943.3762186019,2840.56317358929,2498.0937799637,3150.41059503272,3882.56451918603,2947.73344985469,2428.09038795745,3141.29795246173,4103.34923240268,2901.08405810146,2427.74059894337,3007.66939617995,3955.51993861327,2849.32986139108,2535.7592143321,3218.73614124645,4037.01925488361,2834.03173943834,2491.0264587082,3304.78483059599,4120.53308643962,3042.77782977421,2509.44384459935,3175.53318604259,4235.68453472353,3021.05428749596,2555.04002087683,3431.42330652459,4263.98900393505,3033.60627685092,2624.39203117413,3351.06130528982,4466.10553633049,3117.81373893372,2702.42999028374,3270.93415627999,4342.1921013125,3096.32025386539,2709.89171576803,3416.32596543911,4434.33452063959,3175.21000512996,2819.48388509334,3597.29885857917,4498.45753137764,3177.01847755133,2795.646019863,-0.00845469107178487,1 - Quarterly GWh,2025-08-01 08:34:54.346068
Transport,,,,,,,,,,,,,,,,,,,,,,,,,,,,,,,,,,,,,,,,,,,,,,,,,,,,,,,,,,,,,,,,,,,,,,,,,,,,,,,,,,,,,,,,,,,,,,,,,,,,,,,,,,,,,,,,,,,,,,,,,,,,,,,,,,,,,,,,,,,,,,,,,,,,,,,,,,,,,,16.1615681351624,16.5569801517983,16.8620638413472,16.0652743755036,16.3152959069793,17.5306768653296,18.8587202771875,19.1530081859758,19.2743821805683,21.2368985163458,23.7759735421101,23.1800713044236,22.9222665986509,22.7323956832409,22.1670558386846,23.3316747495471,22.8510623722247,23.0054118494913,21.7708464537369,23.5304823676681,22.1710125528539,23.1222702711749,25.0520062333031,28.1112761164125,26.4902056934818,26.2052054243873,27.6174241907183,29.7777600076173,22.7611291712544,28.1700488552739,30.8160303908544,35.1308668824372,35.7173657909357,30.9783909109309,30.7557048406962,46.9116755910999,46.1232009866598,48.6962385696658,51.5970242775745,67.4332140143945,69.3669079339408,66.6722212568928,71.7767692197719,68.0986830143945,68.0644569339408,67.6932722568928,73.5801692197719,68.6035860143945,0.007414284353975953,1 - Quarterly GWh,2025-08-01 08:34:54.346068
   Unallocated onsite consumption,,,,,,,,,,,,,,,,,,,,,,,,,,,,,,,,,,,,,,,,,,,,,,,,,,,,,,,,,,,,,,,,,,,,,,,,,,,,,,,,,,,,,,,,,,,,,,,,,,,,,,,,,,,,,,,,,,,,,,,,,,,,,,,,,,,,,,,,,,,,,,,,,,,,,,,,,,,,,,241.335475,256.3503919,234.2569834,311.3290652,334.5337196,356.7488195,332.1134032,306.012218,326.1383886,356.5446509,324.597363,295.8640766,305.650594,332.470045,299.3342575,193.1064461,207.1070948,219.2910669,201.7614972,179.1009727,196.1112056,208.6086128,185.8691983,154.4233899,164.8176697,178.6426253,162.954121,137.7286341,136.4288116,157.0568858,141.17288,135.8077285,145.6737925,154.4922408,138.5509023,135.9723632,143.6506228,155.9929727,139.8041847,177.224364,181.3132368,200.254752,179.043531,177.224364,181.3132368,200.254752,179.043531,177.224364,0,1 - Quarterly GWh,2025-08-01 08:34:54.346068
Number of ICPs5,,,,,,,,,,,,,,,,,,,,,,,,,,,,,,,,,,,,,,,,,,,,,,,,,,,,,,,,,,,,,,,,,,,,,,,,,,,,,,,,,,,,,,,,,,,,,,,,,,,,,,,,,,,,,,,,,,,,,,,,,,,,,,,,,,,,,,,,,,,,,,,,,,,,,,,,,,,,,,1964884.3994375046,1946566.8316589477,1954781.2936816034,1954411.3964019578,1982607.9999999977,1981057,1987359.000000003,1985624.0000000028,2003338.2066666682,2014251.6866666707,2024744.9999999972,2020975.9999999967,2024764.9999999958,2040145.0000000002,2040845,2039852.000000004,2040955.000000005,2063796.9999999984,2063187.0000000002,2061499.9999999981,2063717,2064849.9999999993,2068025.0000000023,2072425,2064978.0000000051,2086791.0000000019,2082523.0000000014,2080833.9999999988,2091092.999999997,2121551.000000004,2117403.85823755,2115229,2120846,2141230,2143750,2148594,2142396,2155695,2160588,2156103.3333333335,2159271.9999999995,2178442.6666666665,2174597.666666666,2195178.9999999995,2197642.6666666665,2213663.9999999995,2187631.3333333367,2213777.33333333,0.008472353887009065,1 - Quarterly GWh,2025-08-01 08:34:54.346068
"Agriculture, Forestry, and Fishing",,,,,,,,,,,,,,,,,,,,,,,,,,,,,,,,,,,,,,,,,,,,,,,,,,,,,,,,,,,,,,,,,,,,,,,,,,,,,,,,,,,,,,,,,,,,,,,,,,,,,,,,,,,,,,,,,,,,,,,,,,,,,,,,,,,,,,,,,,,,,,,,,,,,,,,,,,,,,,77476.9401772859,76924.3478765824,76897.6534396302,78079.6686519492,78636.4382509971,78240.5823526803,77191.1509952079,78700.6512466796,78573.5198849882,78093.6795881883,78749.6378110733,79027.1770363734,77878.497936643,78224.133031999,78234.1673921728,78694.3422654288,78337.2192386949,80106.2241035156,80470.4947158022,79114.2953294727,78951,78253.2715564208,77975.0080695138,77922,77751,80144,75854.0005071323,87687,87636,88348,87631,86629,82964,86591,87231,86930,86330,86437,86722,86541.6666666667,85838.3333333333,86105.3333333333,84783,85498.6666666667,85277.6666666667,85569.6666666667,85635.6666666667,85697,0.0023197242841990207,1 - Quarterly GWh,2025-08-01 08:34:54.346068
   Industrial,,,,,,,,,,,,,,,,,,,,,,,,,,,,,,,,,,,,,,,,,,,,,,,,,,,,,,,,,,,,,,,,,,,,,,,,,,,,,,,,,,,,,,,,,,,,,,,,,,,,,,,,,,,,,,,,,,,,,,,,,,,,,,,,,,,,,,,,,,,,,,,,,,,,,,,,,,,,,,34334.3721643018,34175.4650685485,35225.3097653763,36814.4381134736,38112.1054584406,37325.4843704079,37781.988491849,38220.2816104581,38704.342298459,39871.4458305364,40017.2138692279,40791.0744393404,41186.2729519439,41813.0758152362,41951.0803168372,43218.1664978321,42336.143019518,43368.1410511437,43136.2299253189,43119.1197750184,44385,43951.6899619834,44602.0011284965,44966,44565.0003019061,45476.0002516256,44208.0005009651,48371.0002130987,48619,48649,48824.8587555611,48753,49977,49328,50361,50943,51434,51396,52531,50525.6666666667,48868.3333333333,48100.3333333333,45727.3333333333,45909,46371.6666666667,45675,44694.3333333333,44813.8,-0.02385588882354217,1 - Quarterly GWh,2025-08-01 08:34:54.346068
   Commercial,,,,,,,,,,,,,,,,,,,,,,,,,,,,,,,,,,,,,,,,,,,,,,,,,,,,,,,,,,,,,,,,,,,,,,,,,,,,,,,,,,,,,,,,,,,,,,,,,,,,,,,,,,,,,,,,,,,,,,,,,,,,,,,,,,,,,,,,,,,,,,,,,,,,,,,,,,,,,,170026.958202847,168584.584811777,171671.179602477,168995.918059065,169219.90492614,165515.240362182,163432.375914116,166147.141847285,168826.288007291,170290.914120766,169005.327287136,173410.471285933,172847.850720649,175113.536224615,175626.55567313,173121.161112793,173713.972761742,176907.007942509,176687.570506889,174336.916451727,177332,173846.359214085,178611.071248772,179495,179045.449410609,181733.351586186,181553.686055204,188777.31400638,188701.064311117,190999.349022844,190875.346213929,190193,190483,192006,195351,195818,197315,189251,192587,192703,192761.333333333,193793,189733.333333333,190184.333333333,191234.333333333,192393.333333333,192034.666666667,193735.2,0.018670658115899963,1 - Quarterly GWh,2025-08-01 08:34:54.346068
   Residential,,,,,,,,,,,,,,,,,,,,,,,,,,,,,,,,,,,,,,,,,,,,,,,,,,,,,,,,,,,,,,,,,,,,,,,,,,,,,,,,,,,,,,,,,,,,,,,,,,,,,,,,,,,,,,,,,,,,,,,,,,,,,,,,,,,,,,,,,,,,,,,,,,,,,,,,,,,,,,1683046.12889307,1666882.43390204,1670987.15087412,1670521.37157747,1696639.55136442,1699975.69291473,1708953.48459883,1702555.92529558,1717234.05647593,1725995.64712718,1736972.82103256,1727747.27723835,1732852.37839076,1744994.25492815,1745033.19661786,1744818.33012395,1746567.66498005,1763415.62690283,1762892.70485199,1764929.66844378,1763049,1768798.67926751,1766836.91955322,1770042,1763616.55028749,1779437.64816219,1780907.3129367,1755998.68578052,1766136.93568888,1793554.65097716,1790072.65326806,1789654,1797422,1813305,1810807,1814903,1807317,1828611,1828748,1826333,1831804,1850444,1854354,1873587,1874759,1890026,1865266.66666667,1889531.33333333,0.008510057623867917,1 - Quarterly GWh,2025-08-01 08:34:54.346068
Average consumption per ICP (kWh)5,,,,,,,,,,,,,,,,,,,,,,,,,,,,,,,,,,,,,,,,,,,,,,,,,,,,,,,,,,,,,,,,,,,,,,,,,,,,,,,,,,,,,,,,,,,,,,,,,,,,,,,,,,,,,,,,,,,,,,,,,,,,,,,,,,,,,,,,,,,,,,,,,,,,,,,,,,,,,,4977.927189073933,5495.651069338764,4952.142849682919,4872.935841187158,5003.3035206800805,5441.502900042883,5065.863501180003,4826.298173875446,5046.198861848605,5513.5502324747995,4987.677807235749,4746.276690195654,4945.2225686503225,5321.564448323746,4784.021516319464,4588.780629688762,4899.304306995074,5228.512985549679,4747.781383161795,4575.079998829005,4884.893494353281,5250.2836573749655,4816.298660810115,4579.978167494241,4864.807806741469,5284.833162949277,4787.234548832615,4654.001542795471,4550.4952183566875,5096.805596508725,4699.32609238999,4445.387474675433,4744.166696632546,5061.632798919699,4497.797994106362,4331.319642382168,4552.288261062804,4950.616177634458,4499.886945312699,4298.194770000586,4546.498504850001,4981.630656965581,4500.053475659805,4347.0177315426145,4627.212873319427,4771.537212010229,4280.384432007009,4178.276475904074,-0.03881770585248101,1 - Quarterly GWh,2025-08-01 08:34:54.346068
"Agriculture, Forestry, and Fishing",,,,,,,,,,,,,,,,,,,,,,,,,,,,,,,,,,,,,,,,,,,,,,,,,,,,,,,,,,,,,,,,,,,,,,,,,,,,,,,,,,,,,,,,,,,,,,,,,,,,,,,,,,,,,,,,,,,,,,,,,,,,,,,,,,,,,,,,,,,,,,,,,,,,,,,,,,,,,,6449.270992084512,5149.251768469942,8545.461248642532,10468.545182508078,6293.977122038271,5953.536382191878,10652.656722518977,12564.045607773971,7029.773799408921,5973.035352551805,10622.73543347731,11471.472258574613,7848.7837808218055,5646.081150470279,7838.991434770446,10669.297440659384,6441.977434926555,5703.4043619714075,9040.151334274384,10235.061316129819,6205.897355610404,5374.990165479123,7872.091434387477,10507.542920245489,6934.893203960309,5291.268231847874,8591.922447519073,11167.483243913897,6395.54889741548,5101.305658393377,8827.610593444888,10214.178200501507,7761.1956441227885,5306.255165467023,7720.223060354564,8452.680968349385,6533.34567226752,5100.674929698358,7866.794542376998,9114.856141987813,6082.8818371178395,5164.767166514356,8466.886419954484,11435.714590923557,7257.08137735263,5276.375705183564,8430.896921657417,9649.058664092932,-0.1562347427111097,1 - Quarterly GWh,2025-08-01 08:34:54.346068
    Industrial,,,,,,,,,,,,,,,,,,,,,,,,,,,,,,,,,,,,,,,,,,,,,,,,,,,,,,,,,,,,,,,,,,,,,,,,,,,,,,,,,,,,,,,,,,,,,,,,,,,,,,,,,,,,,,,,,,,,,,,,,,,,,,,,,,,,,,,,,,,,,,,,,,,,,,,,,,,,,,103101.201055594,104639.15118638541,104854.18002008146,100552.67862256149,94068.50835605554,94811.58273528349,97150.19816581601,94393.50831425488,94564.20311868374,90589.4108868223,92741.82143376382,91052.78981081402,89034.91110333169,84502.14605337831,87669.21567682075,82706.55814089799,86422.18455251797,81778.0338417872,86498.21442567215,84932.10576260695,82937.71935821134,80501.40945455749,84784.84127861964,82883.23635728951,84241.12581126782,78660.39471456397,84887.2433648811,76150.53643732649,69042.11743915897,70249.83494374108,74530.61256262574,71096.34499670748,70178.61724244313,65707.26074744647,69729.6767440869,67814.12077012524,66161.84626297042,62982.19097827944,64839.78196879556,65565.30309927842,64817.42605591178,65212.0657165876,73591.50693391675,71440.43040503997,72337.47703523791,61616.183470200325,68493.11287351698,71521.7842999971,0.0011387654651000556,1 - Quarterly GWh,2025-08-01 08:34:54.346068
    Commercial,,,,,,,,,,,,,,,,,,,,,,,,,,,,,,,,,,,,,,,,,,,,,,,,,,,,,,,,,,,,,,,,,,,,,,,,,,,,,,,,,,,,,,,,,,,,,,,,,,,,,,,,,,,,,,,,,,,,,,,,,,,,,,,,,,,,,,,,,,,,,,,,,,,,,,,,,,,,,,14194.031985235148,14883.768949449724,13036.708325586344,12894.171315063752,13817.790069760538,15215.438689924335,13927.260942813857,13442.378873528638,14275.81525059305,14951.825167101035,13617.987510961035,12828.679380036672,13875.808492852484,14682.39597610052,13104.623794824447,12674.342356667785,13741.765970739818,14176.002494550543,12900.309983210618,12997.431898685696,13459.60245697573,14553.084096645262,12939.438793167865,12557.376961365162,13323.317419419503,14232.86568983903,12962.960355675195,12178.039114342646,10639.348679479772,13066.236674472093,12218.744237600053,11865.19864115898,12483.937721271766,12946.794010637219,11107.878001670584,11395.719778868797,11783.716639407952,12931.067746250008,12183.364036251096,11474.949979419625,12764.265248497162,13258.988622020195,11999.916110063867,11673.821899627717,12283.398622212875,13152.0030403903,11201.214163288103,11233.072086429984,-0.03775539981570131,1 - Quarterly GWh,2025-08-01 08:34:54.346068
    Residential,,,,,,,,,,,,,,,,,,,,,,,,,,,,,,,,,,,,,,,,,,,,,,,,,,,,,,,,,,,,,,,,,,,,,,,,,,,,,,,,,,,,,,,,,,,,,,,,,,,,,,,,,,,,,,,,,,,,,,,,,,,,,,,,,,,,,,,,,,,,,,,,,,,,,,,,,,,,,,1824.43101584979,2365.7194643120497,1699.9311886410053,1495.397677914623,1856.8532087438325,2283.8941376444595,1724.8763505969025,1426.1442763096961,1829.2776925867827,2377.380985422801,1670.1954244608635,1405.147981378328,1735.675487240909,2266.7810667239924,1632.822726188542,1453.3084450986723,1842.892322916797,2289.318067331646,1607.6030785301148,1411.4026769716286,1874.471345150356,2329.565899577675,1722.1611095514334,1417.7312428740956,1800.5802823323138,2380.350072450227,1696.3568320207912,1455.0352694262672,1942.8976526025524,2377.3956381044504,1694.6833254575413,1466.4242536122233,1864.3709186211252,2462.964331058752,1721.7813598764085,1489.0217219783867,1809.8286887579711,2374.5849179035345,1693.1366453253208,1483.7883977171905,1865.0062809335004,2396.3624517356857,1712.2998117565255,1504.8588003083605,1918.806021776223,2380.103517823374,1703.2516231198351,1479.5446736155413,-0.016821595944836898,1 - Quarterly GWh,2025-08-01 08:34:54.346068
Notes:,,,,,,,,,,,,,,,,,,,,,,,,,,,,,,,,,,,,,,,,,,,,,,,,,,,,,,,,,,,,,,,,,,,,,,,,,,,,,,,,,,,,,,,,,,,,,,,,,,,,,,,,,,,,,,,,,,,,,,,,,,,,,,,,,,,,,,,,,,,,,,,,,,,,,,,,,,,,,,,,,,,,,,,,,,,,,,,,,,,,,,,,,,,,,,,,,,,,,,,,,,,,,,,1 - Quarterly GWh,2025-08-01 08:34:54.346068
1 These fuels include generation from cogeneration plants. ,,,,,,,,,,,,,,,,,,,,,,,,,,,,,,,,,,,,,,,,,,,,,,,,,,,,,,,,,,,,,,,,,,,,,,,,,,,,,,,,,,,,,,,,,,,,,,,,,,,,,,,,,,,,,,,,,,,,,,,,,,,,,,,,,,,,,,,,,,,,,,,,,,,,,,,,,,,,,,,,,,,,,,,,,,,,,,,,,,,,,,,,,,,,,,,,,,,,,,,,,,,,,,,1 - Quarterly GWh,2025-08-01 08:34:54.346068
2 1 Gigawatt Hour (GWh) = 0.0036 Petajoules (PJ).,,,,,,,,,,,,,,,,,,,,,,,,,,,,,,,,,,,,,,,,,,,,,,,,,,,,,,,,,,,,,,,,,,,,,,,,,,,,,,,,,,,,,,,,,,,,,,,,,,,,,,,,,,,,,,,,,,,,,,,,,,,,,,,,,,,,,,,,,,,,,,,,,,,,,,,,,,,,,,,,,,,,,,,,,,,,,,,,,,,,,,,,,,,,,,,,,,,,,,,,,,,,,,,1 - Quarterly GWh,2025-08-01 08:34:54.346068
3 Distributed Solar PV Generation has been estimated using Electricity Authority data.,,,,,,,,,,,,,,,,,,,,,,,,,,,,,,,,,,,,,,,,,,,,,,,,,,,,,,,,,,,,,,,,,,,,,,,,,,,,,,,,,,,,,,,,,,,,,,,,,,,,,,,,,,,,,,,,,,,,,,,,,,,,,,,,,,,,,,,,,,,,,,,,,,,,,,,,,,,,,,,,,,,,,,,,,,,,,,,,,,,,,,,,,,,,,,,,,,,,,,,,,,,,,,,1 - Quarterly GWh,2025-08-01 08:34:54.346068
4 Waste heat includes heat from chemical processes - e.g. fertiliser industry.,,,,,,,,,,,,,,,,,,,,,,,,,,,,,,,,,,,,,,,,,,,,,,,,,,,,,,,,,,,,,,,,,,,,,,,,,,,,,,,,,,,,,,,,,,,,,,,,,,,,,,,,,,,,,,,,,,,,,,,,,,,,,,,,,,,,,,,,,,,,,,,,,,,,,,,,,,,,,,,,,,,,,,,,,,,,,,,,,,,,,,,,,,,,,,,,,,,,,,,,,,,,,,,1 - Quarterly GWh,2025-08-01 08:34:54.346068
"5 Prior to the June quarter 2013, retail sales information was collected annually. Consumption data includes estimates of solar PV demand (based on capacity data from the Electricity Authority) for the September quarter 2013 onwards.",,,,,,,,,,,,,,,,,,,,,,,,,,,,,,,,,,,,,,,,,,,,,,,,,,,,,,,,,,,,,,,,,,,,,,,,,,,,,,,,,,,,,,,,,,,,,,,,,,,,,,,,,,,,,,,,,,,,,,,,,,,,,,,,,,,,,,,,,,,,,,,,,,,,,,,,,,,,,,,,,,,,,,,,,,,,,,,,,,,,,,,,,,,,,,,,,,,,,,,,,,,,,,,1 - Quarterly GWh,2025-08-01 08:34:54.346068
