﻿PERIOD,YEAR,STATS_VALUE
November,1932,68.1
December,1932,66.3
January,1933,83.1
February,1933,143
March,1933,117.9
April,1933,135.9
May,1933,259.6
June,1933,141
July,1933,105.4
August,1933,190.2
September,1933,160.8
October,1933,63.5
November,1933,121.7
December,1933,94
January,1934,67.1
February,1934,207.8
March,1934,72.4
April,1934,127
May,1934,198.9
June,1934,195.3
July,1934,195.6
August,1934,110.2
September,1934,83.6
October,1934,64.8
November,1934,70.6
December,1934,77.2
January,1935,35.6
February,1935,165.9
March,1935,195.8
April,1935,120.7
May,1935,151.4
June,1935,221
July,1935,223.8
August,1935,173
September,1935,62.2
October,1935,92.2
November,1935,213.9
December,1935,38.4
January,1936,214.9
February,1936,259.6
March,1936,70.1
April,1936,80.8
May,1936,97.3
June,1936,77.5
July,1936,198.1
August,1936,240.5
September,1936,130.8
October,1936,158.8
November,1936,103.4
December,1936,55.6
January,1937,183.4
February,1937,134.4
March,1937,64.3
April,1937,162.6
May,1937,275.6
June,1937,155.4
July,1937,263.9
August,1937,51.8
September,1937,129
October,1937,82.3
November,1937,112.3
December,1937,55.1
January,1938,166.1
February,1938,259.8
March,1938,8.6
April,1938,151.9
May,1938,111.5
June,1938,167.4
July,1938,322.1
August,1938,154.7
September,1938,172.2
October,1938,55.9
November,1938,94.7
December,1938,225.3
January,1939,24.6
February,1939,225.3
March,1939,3
April,1939,103.6
May,1939,118.4
June,1939,251.5
July,1939,345.2
August,1939,197.6
September,1939,196.9
October,1939,131.3
November,1939,34
December,1939,229.6
January,1940,201.2
February,1940,149.9
March,1940,72.4
April,1940,73.9
May,1940,196.9
June,1940,126.2
July,1940,73.9
August,1940,91.7
September,1940,75.9
October,1940,102.6
November,1940,153.9
December,1940,59.9
January,1941,190
February,1941,85.6
March,1941,211.8
April,1941,71.6
May,1941,87.9
June,1941,212.6
July,1941,165.9
August,1941,237
September,1941,81.5
October,1941,260.9
November,1941,90.4
December,1941,132.6
January,1942,72.9
February,1942,28.4
March,1942,75.7
April,1942,100.6
May,1942,212.1
June,1942,26.7
July,1942,201.4
August,1942,208
September,1942,168.4
October,1942,138.4
November,1942,43.4
December,1942,124.7
January,1943,45.5
February,1943,75.4
March,1943,36.6
April,1943,113.5
May,1943,103.6
June,1943,282.2
July,1943,236.2
August,1943,126
September,1943,175.5
October,1943,116.3
November,1943,57.2
December,1943,117.1
January,1944,57.2
February,1944,129.3
March,1944,136.9
April,1944,116.8
May,1944,89.7
June,1944,224.5
July,1944,118.1
August,1944,112.3
September,1944,113.8
October,1944,194.3
November,1944,55.4
December,1944,133.1
January,1945,198.4
February,1945,93
March,1945,110.2
April,1945,106.4
May,1945,177.8
June,1945,156
July,1945,169.2
August,1945,141.7
September,1945,97.3
October,1945,102.4
November,1945,18.8
December,1945,65.3
January,1946,18.8
February,1946,5.1
March,1946,124
April,1946,179.1
May,1946,185.7
June,1946,81.5
July,1946,169.7
August,1946,230.4
September,1946,133.4
October,1946,113
November,1946,153.9
December,1946,103.4
January,1947,65
February,1947,59.4
March,1947,122.2
April,1947,197.6
May,1947,78.5
June,1947,205.5
July,1947,213.1
August,1947,109
September,1947,119.9
October,1947,192.5
November,1947,93.2
December,1947,103.9
January,1948,79.2
February,1948,22.6
March,1948,177.3
April,1948,160
May,1948,278.1
June,1948,141.5
July,1948,238.5
August,1948,101.6
September,1948,126.5
October,1948,253.7
November,1948,205.7
December,1948,91.7
January,1949,79.8
February,1949,119.9
March,1949,76.7
April,1949,143
May,1949,172.7
June,1949,203.2
July,1949,163.6
August,1949,93.7
September,1949,67.1
October,1949,102.9
November,1949,109
December,1949,84.6
January,1950,15.7
February,1950,70.4
March,1950,44.2
April,1950,164.1
May,1950,61
June,1950,264.9
July,1950,80.5
August,1950,118.1
September,1950,57.9
October,1950,182.1
November,1950,177.8
December,1950,75.2
January,1951,116.8
February,1951,101.9
March,1951,59.2
April,1951,234.7
May,1951,149.6
June,1951,121.2
July,1951,194.8
August,1951,232.2
September,1951,23.4
October,1951,155.4
November,1951,192
December,1951,122.9
January,1952,68.3
February,1952,199.9
March,1952,39.4
April,1952,79
May,1952,176.5
June,1952,260.1
July,1952,108.2
August,1952,212.6
September,1952,126.7
October,1952,165.1
November,1952,261.9
December,1952,94.7
January,1953,180.6
February,1953,72.1
March,1953,122.7
April,1953,185.9
May,1953,229.9
June,1953,214.9
July,1953,240
August,1953,245.1
September,1953,72.1
October,1953,117.6
November,1953,65.8
December,1953,64.5
January,1954,15
February,1954,58.9
March,1954,248.4
April,1954,203.2
May,1954,275.6
June,1954,150.6
July,1954,151.4
August,1954,164.8
September,1954,92.5
October,1954,64
November,1954,76.5
December,1954,104.9
January,1955,84.6
February,1955,17.5
March,1955,143
April,1955,45.5
May,1955,172.2
June,1955,258.6
July,1955,106.9
August,1955,158.2
September,1955,123.2
October,1955,160.3
November,1955,110.2
December,1955,48.8
January,1956,122.9
February,1956,103.1
March,1956,46
April,1956,348
May,1956,119.1
June,1956,357.1
July,1956,143
August,1956,147.1
September,1956,162.1
October,1956,180.1
November,1956,164.1
December,1956,122.9
January,1957,7.6
February,1957,27.9
March,1957,121.7
April,1957,44.5
May,1957,157.5
June,1957,117.6
July,1957,78.7
August,1957,96.3
September,1957,47.2
October,1957,158
November,1957,103.9
December,1957,92.2
January,1958,47.2
February,1958,318.8
March,1958,88.1
April,1958,89.7
May,1958,218.4
June,1958,73.4
July,1958,219.7
August,1958,112
September,1958,132.3
October,1958,94
November,1958,127.8
December,1958,211.3
January,1959,170.9
February,1959,89.9
March,1959,96
April,1959,141
May,1959,152.9
June,1959,58.9
July,1959,210.1
August,1959,202.9
September,1959,62
October,1959,71.9
November,1959,57.9
December,1959,152.9
January,1960,27.7
February,1960,207.5
March,1960,84.6
April,1960,137.4
May,1960,153.2
June,1960,213.1
July,1960,162.3
August,1960,122.2
September,1960,218.7
October,1960,135.9
November,1960,91.2
December,1960,100.8
January,1961,130.6
February,1961,60.7
March,1961,54.1
April,1961,140
May,1961,165.9
June,1961,372.6
July,1961,235
August,1961,173
September,1961,165.9
October,1961,109.7
November,1961,44.7
December,1961,89.4
January,1962,40.9
February,1962,52.1
March,1962,182.1
April,1962,215.9
May,1962,201.9
June,1962,231.9
July,1962,146.1
August,1962,168.9
September,1962,141
October,1962,237
November,1962,165.1
December,1962,93
January,1963,68.1
February,1963,94
March,1963,130
April,1963,125
May,1963,129
June,1963,183.9
July,1963,124
August,1963,109
September,1963,135.9
October,1963,39.9
November,1963,106.9
December,1963,83.1
January,1964,91.9
February,1964,31.5
March,1964,133.1
April,1964,55.1
May,1964,187.2
June,1964,195.6
July,1964,251.5
August,1964,241.6
September,1964,180.8
October,1964,182.4
November,1964,82.3
December,1964,116.1
January,1965,179.1
February,1965,135.1
March,1965,158
April,1965,127
May,1965,137.9
June,1965,182.1
July,1965,204
August,1965,347
September,1965,62
October,1965,130
November,1965,153.9
December,1965,114
January,1966,151.9
February,1966,253
March,1966,88.1
April,1966,101.6
May,1966,189.5
June,1966,198.6
July,1966,167.4
August,1966,154.2
September,1966,105.9
October,1966,47.2
November,1966,149.4
December,1966,119.6
January,1967,142
February,1967,254
March,1967,114
April,1967,59.9
May,1967,98
June,1967,88.9
July,1967,118.1
August,1967,166.1
September,1967,143
October,1967,30
November,1967,329.9
December,1967,180.1
January,1968,47
February,1968,93
March,1968,87.1
April,1968,297.9
May,1968,257
June,1968,230.1
July,1968,109
August,1968,253
September,1968,135.9
October,1968,161
November,1968,109
December,1968,128
January,1969,93
February,1969,180.9
March,1969,18.5
April,1969,176.6
May,1969,206.4
June,1969,179
July,1969,95
August,1969,144.5
September,1969,136.7
October,1969,57.3
November,1969,52.8
December,1969,149.1
January,1970,49.1
February,1970,25.7
March,1970,153
April,1970,82.5
May,1970,193.3
June,1970,192.8
July,1970,211
August,1970,260.7
September,1970,232.6
October,1970,177.8
November,1970,74.5
December,1970,40
January,1971,54.2
February,1971,198.8
March,1971,80.8
April,1971,88.2
May,1971,147.9
June,1971,127.4
July,1971,133.4
August,1971,238
September,1971,203.4
October,1971,188
November,1971,135.3
December,1971,92.8
January,1972,55
February,1972,49
March,1972,290
April,1972,152
May,1972,247
June,1972,227
July,1972,179
August,1972,172
September,1972,94
October,1972,104
November,1972,77
December,1972,67
January,1973,61.4
February,1973,6.8
March,1973,74.7
April,1973,84.3
May,1973,141.9
June,1973,208
July,1973,114
August,1973,166.3
September,1973,262.9
October,1973,88.9
November,1973,128.5
December,1973,61.9
January,1974,6.4
April,1974,147
May,1974,120.7
June,1974,140
July,1974,214.9
August,1974,173.2
September,1974,183.2
October,1974,104.9
November,1974,25.1
December,1974,107.2
January,1975,108.8
February,1975,51.6
March,1975,192.5
April,1975,118.2
May,1975,150
June,1975,248.9
July,1975,124.9
August,1975,200
September,1975,155.4
October,1975,159.5
November,1975,166.4
December,1975,70.4
January,1976,225.7
February,1976,69.6
March,1976,61.2
April,1976,108.2
May,1976,169.2
June,1976,241.8
July,1976,200.9
August,1976,151.3
September,1976,221
October,1976,110.8
November,1976,173.5
December,1976,130.5
January,1977,123.1
February,1977,53.4
March,1977,78
April,1977,118.8
May,1977,242.4
June,1977,250.1
July,1977,210.8
August,1977,88.4
September,1977,171
October,1977,146.1
November,1977,94.1
December,1977,161.4
January,1978,29
February,1978,79.4
March,1978,42.8
April,1978,255.8
May,1978,100.8
June,1978,214
July,1978,308.8
August,1978,153.1
September,1978,166.8
October,1978,84
November,1978,165.1
December,1978,142
January,1979,17.5
February,1979,161.5
March,1979,187.5
April,1979,154
May,1979,142.7
June,1979,140
July,1979,305.8
August,1979,255.6
September,1979,192.2
October,1979,191
November,1979,126.5
December,1979,144.8
January,1980,137.6
February,1980,129.7
March,1980,163.3
April,1980,133.8
May,1980,118
June,1980,151.2
July,1980,229
August,1980,130.8
September,1980,124.6
October,1980,65.3
November,1980,167.3
December,1980,88.4
January,1981,111
February,1981,38
March,1981,78
April,1981,164
May,1981,102.8
June,1981,202.9
July,1981,178
August,1981,155.1
September,1981,201.6
October,1981,62.8
November,1981,149.3
December,1981,87.1
January,1982,58.8
February,1982,127
March,1982,31.8
April,1982,224.6
May,1982,133.1
June,1982,96.3
July,1982,143.3
August,1982,65
September,1982,116.5
October,1982,164.6
November,1982,41
December,1982,87.1
January,1983,86.4
February,1983,39.9
March,1983,70.4
April,1983,161
May,1983,111.3
June,1983,194.8
July,1983,55.5
August,1983,83.1
September,1983,142.8
October,1983,229
November,1983,48.8
December,1983,202.5
January,1984,115.1
February,1984,53.4
March,1984,248.8
April,1984,67
May,1984,123.8
June,1984,118.1
July,1984,183.5
